ConfigID,Name,Category,Gender,Level,Age,Hp,Mp,Lp,Atk,Def,Agi,Ine,Con,BTIntervalSec
2000016,蜥蜴,Animal,0,10,3.0,190/190,98/98,99/100,65,61,59,118,130,0.63
2000016,蜥蜴,Animal,0,14,3.0,220/220,121/121,99/100,76,69,63,118,131,0.61
2000016,蜥蜴,Animal,0,13,3.0,213/214,125/125,99/100,76,62,66,118,131,0.60
2000016,蜥蜴,Animal,0,15,3.0,244/244,123/123,99/100,80,74,67,117,132,0.60
2000016,蜥蜴,Animal,0,16,3.0,260/260,144/144,99/100,85,72,70,118,133,0.59
2000016,蜥蜴,Animal,0,11,3.0,190/190,113/113,99/100,71,60,58,119,129,0.63
2000016,蜥蜴,Animal,0,16,3.0,241/241,148/148,99/100,82,71,67,119,131,0.60
2000016,蜥蜴,Animal,0,13,3.0,229/229,116/116,99/100,79,65,66,117,132,0.60
2000016,蜥蜴,Animal,0,19,3.0,283/283,146/146,99/100,95,79,81,116,135,0.55
2000016,蜥蜴,Animal,0,24,3.0,360/360,191/191,99/100,103,87,90,116,140,0.52
2000016,蜥蜴,Animal,0,17,3.0,279/279,151/151,99/100,91,75,70,117,135,0.59
2000016,蜥蜴,Animal,0,25,3.0,370/370,213/213,99/100,114,94,91,117,139,0.52
2000016,蜥蜴,Animal,0,25,3.0,362/362,196/196,99/100,106,97,87,117,139,0.53
2000016,蜥蜴,Animal,0,22,3.0,307/307,187/187,99/100,97,89,81,119,134,0.55
2000016,蜥蜴,Animal,0,25,3.0,360/360,181/181,99/100,117,101,88,115,138,0.53
2000016,蜥蜴,Animal,0,21,3.0,303/303,155/155,99/100,100,80,86,115,136,0.54
2000016,蜥蜴,Animal,0,22,3.0,323/323,170/170,99/100,101,89,83,116,137,0.54
2000016,蜥蜴,Animal,0,21,3.0,311/311,174/174,99/100,98,80,86,117,136,0.54
2000016,蜥蜴,Animal,0,20,3.0,320/320,187/187,99/100,102,90,82,118,135,0.55
2000016,蜥蜴,Animal,0,11,3.0,205/205,108/108,99/100,66,64,59,118,131,0.63
2000016,蜥蜴,Animal,0,15,3.0,247/247,147/147,99/100,80,70,71,119,132,0.58
2000016,蜥蜴,Animal,0,20,3.0,292/292,178/178,99/100,92,85,81,119,134,0.55
2000016,蜥蜴,Animal,0,21,3.0,296/297,180/180,99/100,94,86,78,119,134,0.56
2000016,蜥蜴,Animal,0,16,3.0,264/264,139/139,99/100,88,70,74,116,134,0.57
2000016,蜥蜴,Animal,0,22,3.0,347/347,198/198,99/100,108,88,87,117,138,0.53
2000016,蜥蜴,Animal,0,10,3.0,194/194,102/102,99/100,69,58,56,118,130,0.64
2000016,蜥蜴,Animal,0,11,3.0,192/193,107/107,99/100,66,64,59,119,129,0.63
2000016,蜥蜴,Animal,0,14,3.0,243/243,131/131,99/100,75,69,65,118,133,0.60
2000016,蜥蜴,Animal,0,14,3.0,245/245,136/136,99/100,80,70,69,118,132,0.59
2000016,蜥蜴,Animal,0,25,3.0,374/374,203/203,99/100,111,94,96,116,140,0.51
2000003,鹿,Animal,0,10,3.0,169/169,104/104,99/100,46,59,49,121,130,0.67
2000003,鹿,Animal,0,15,3.0,241/241,145/145,99/100,63,76,63,120,134,0.61
2000003,鹿,Animal,0,19,3.0,267/267,170/170,99/100,66,82,64,122,135,0.61
2000003,鹿,Animal,0,6,3.0,135/135,94/94,99/100,40,52,42,122,127,0.70
2000003,鹿,Animal,0,8,3.0,146/146,97/97,99/100,46,52,46,121,128,0.68
2000003,鹿,Animal,0,11,3.0,187/187,112/112,99/100,48,60,54,120,131,0.65
2000003,鹿,Animal,0,17,3.0,268/268,183/183,99/100,68,82,67,123,134,0.60
2000003,鹿,Animal,0,18,3.0,285/285,183/183,99/100,70,85,70,122,136,0.59
2000003,鹿,Animal,0,5,3.0,120/120,83/83,99/100,39,48,42,122,126,0.70
2000003,鹿,Animal,0,18,3.0,272/272,177/177,99/100,63,81,69,122,136,0.59
2000003,鹿,Animal,0,19,3.0,267/267,185/185,99/100,61,79,66,123,135,0.60
2000003,鹿,Animal,0,9,3.0,172/172,109/109,99/100,49,59,50,121,130,0.66
2000003,鹿,Animal,0,5,3.0,120/120,84/84,99/100,40,49,42,122,126,0.70
2000003,鹿,Animal,0,19,3.0,283/283,189/189,99/100,62,83,66,123,136,0.60
2000003,鹿,Animal,0,15,3.0,231/231,144/144,99/100,59,72,57,121,133,0.64
2000003,鹿,Animal,0,9,3.0,162/162,109/109,99/100,48,55,48,122,129,0.68
2000003,鹿,Animal,0,9,3.0,170/170,104/104,99/100,50,61,48,121,129,0.67
2000003,鹿,Animal,0,6,3.0,138/138,88/88,99/100,44,50,44,121,127,0.69
2000003,鹿,Animal,0,14,3.0,210/210,145/145,99/100,57,70,57,122,131,0.64
2000003,鹿,Animal,0,6,3.0,127/127,85/85,99/100,40,50,43,121,127,0.70
2000003,鹿,Animal,0,18,3.0,257/257,184/184,99/100,63,80,69,123,134,0.59
2000003,鹿,Animal,0,18,3.0,259/259,177/177,99/100,63,83,69,123,134,0.59
2000003,鹿,Animal,0,17,3.0,251/251,148/148,99/100,57,79,60,121,135,0.62
2000003,鹿,Animal,0,20,3.0,277/277,199/199,99/100,72,89,66,124,134,0.60
2000003,鹿,Animal,0,17,3.0,241/241,151/151,99/100,66,77,62,121,133,0.61
2000003,鹿,Animal,0,20,3.0,273/273,182/182,99/100,62,81,67,123,136,0.60
2000003,鹿,Animal,0,13,3.0,219/219,128/128,99/100,54,67,58,120,133,0.63
2000003,鹿,Animal,0,5,3.0,123/123,75/75,99/100,41,45,39,120,127,0.72
2000003,鹿,Animal,0,19,3.0,267/267,164/164,99/100,64,89,66,122,134,0.60
2000003,鹿,Animal,0,8,3.0,158/158,105/105,99/100,45,56,47,122,129,0.68
2000009,狼,Animal,0,20,4.0,468/468,210/210,99/100,129,106,95,123,158,0.51
2000009,狼,Animal,0,34,4.0,728/728,293/293,99/100,182,139,125,116,177,0.44
2000009,狼,Animal,0,33,4.0,723/723,344/344,99/100,186,156,125,123,172,0.44
2000009,狼,Animal,0,34,4.0,760/760,343/343,99/100,191,154,136,119,176,0.42
2000009,狼,Animal,0,35,4.0,728/728,338/338,99/100,203,144,125,120,173,0.44
2000009,狼,Animal,0,28,4.0,605/605,259/259,99/100,163,132,117,120,166,0.46
2000009,狼,Animal,0,21,4.0,499/499,206/206,99/100,133,102,97,121,162,0.51
2000009,狼,Animal,0,28,4.0,590/590,259/259,99/100,156,121,106,121,166,0.48
2000009,狼,Animal,0,31,4.0,681/681,297/297,99/100,181,133,126,118,172,0.44
2000009,狼,Animal,0,25,4.0,545/545,230/230,99/100,152,113,102,120,164,0.49
2000009,狼,Animal,0,23,4.0,540/540,244/244,99/100,142,116,97,123,163,0.51
2000009,狼,Animal,0,22,4.0,508/508,212/212,99/100,137,112,94,121,161,0.51
2000009,狼,Animal,0,33,4.0,700/700,344/344,99/100,190,145,132,122,170,0.43
2000009,狼,Animal,0,20,4.0,484/484,219/219,99/100,126,106,92,124,159,0.52
2000009,狼,Animal,0,21,4.0,510/510,242/242,99/100,131,114,98,125,160,0.50
2000009,狼,Animal,0,34,4.0,703/703,347/347,99/100,199,147,123,123,169,0.45
2000009,狼,Animal,0,24,4.0,535/535,267/267,99/100,154,120,104,125,160,0.49
2000009,狼,Animal,0,20,4.0,455/455,216/216,99/100,125,102,94,125,157,0.51
2000009,狼,Animal,0,31,4.0,660/660,319/319,99/100,180,137,115,123,168,0.46
2000009,狼,Animal,0,20,4.0,455/455,218/218,99/100,129,102,94,125,157,0.51
2000015,马,Animal,0,14,3.0,259/259,148/148,99/100,69,77,64,119,135,0.61
2000015,马,Animal,0,9,3.0,186/186,105/105,99/100,54,62,52,120,131,0.65
2000015,马,Animal,0,7,3.0,174/174,105/105,99/100,52,57,51,120,130,0.66
2000015,马,Animal,0,12,3.0,234/234,117/117,99/100,58,69,62,118,135,0.62
2000015,马,Animal,0,10,3.0,216/216,114/114,99/100,56,68,56,119,133,0.64
2000015,马,Animal,0,16,3.0,283/283,152/152,99/100,71,83,68,118,137,0.59
2000015,马,Animal,0,5,3.0,139/139,80/80,99/100,43,52,46,120,128,0.68
2000015,马,Animal,0,5,3.0,144/144,85/85,99/100,46,52,46,120,128,0.68
2000015,马,Animal,0,15,3.0,279/279,164/164,99/100,68,84,68,120,137,0.59
2000015,马,Animal,0,16,3.0,283/283,149/149,99/100,71,77,68,118,138,0.60
2000015,马,Animal,0,5,3.0,144/144,80/80,99/100,46,52,44,120,128,0.69
2000015,马,Animal,0,7,3.0,169/169,100/100,99/100,49,53,50,120,130,0.67
2000015,马,Animal,0,9,3.0,191/192,108/108,99/100,55,64,55,120,131,0.64
2000015,马,Animal,0,18,3.0,324/324,167/167,99/100,77,83,77,117,141,0.56
2000015,马,Animal,0,10,3.0,198/198,102/102,99/100,55,60,54,118,133,0.65
2000015,马,Animal,0,6,3.0,151/152,84/84,99/100,47,50,45,119,129,0.69
2000015,马,Animal,0,10,3.0,205/205,121/121,99/100,55,61,54,120,133,0.65
2000015,马,Animal,0,19,3.0,330/330,190/190,99/100,76,86,79,119,141,0.56
2000015,马,Animal,0,16,3.0,285/285,145/145,99/100,69,80,73,117,138,0.57
2000015,马,Animal,0,7,3.0,158/158,85/85,99/100,49,53,47,119,130,0.68
2000013,虎,Animal,0,58,6.0,1831/1831,491/491,99/100,449,372,167,104,270,0.37
2000013,虎,Animal,0,51,6.0,1638/1638,447/447,99/100,420,335,153,108,256,0.39
2000013,虎,Animal,0,48,6.0,1570/1570,410/410,99/100,380,298,144,108,257,0.41
2000013,虎,Animal,0,45,6.0,1464/1464,401/401,99/100,378,294,146,112,245,0.41
2000013,虎,Animal,0,55,6.0,1797/1797,497/497,99/100,439,348,162,105,269,0.38
2000013,虎,Animal,0,53,6.0,1744/1746,462/462,99/100,426,347,158,105,266,0.39
2000013,虎,Animal,0,52,6.0,1655/1655,490/490,99/100,427,331,148,112,255,0.40
2000013,虎,Animal,0,50,6.0,1680/1680,501/501,99/100,406,331,145,114,259,0.41
2000013,虎,Animal,0,51,6.0,1661/1662,501/501,99/100,433,339,162,113,254,0.38
2000013,虎,Animal,0,50,6.0,1708/1708,499/499,99/100,428,335,161,110,261,0.38
2000013,虎,Animal,0,53,6.0,1716/1716,523/523,99/100,426,356,144,116,258,0.41
2000013,虎,Animal,0,49,6.0,1645/1645,482/482,99/100,410,336,151,113,255,0.40
2000013,虎,Animal,0,45,6.0,1510/1511,404/404,99/100,371,311,140,112,249,0.42
2000013,虎,Animal,0,50,6.0,1672/1672,470/470,99/100,416,341,152,110,258,0.40
2000013,虎,Animal,0,45,6.0,1473/1474,398/398,99/100,385,284,139,110,247,0.42
2000011,熊,Animal,0,60,8.0,2160/2160,507/507,99/100,442,393,152,117,322,0.40
2000011,熊,Animal,0,56,8.0,1993/1995,465/465,99/100,433,345,127,118,310,0.44
2000011,熊,Animal,0,55,8.0,2008/2009,478/478,99/100,432,367,145,120,309,0.41
2000011,熊,Animal,0,46,8.0,1716/1716,418/418,99/100,345,325,119,131,289,0.45
2000011,熊,Animal,0,40,8.0,1498/1498,357/357,99/100,322,272,121,132,274,0.45
2000011,熊,Animal,0,59,8.0,2184/2184,466/466,99/100,434,361,140,109,331,0.42
2000011,熊,Animal,0,48,8.0,1788/1788,461/461,99/100,376,317,131,130,293,0.43
2000011,熊,Animal,0,51,8.0,1898/1898,487/487,99/100,378,345,143,129,302,0.41
2000011,熊,Animal,0,59,8.0,2184/2184,500/500,99/100,426,401,142,117,325,0.41
2000011,熊,Animal,0,52,8.0,1909/1909,486/486,99/100,382,327,144,127,305,0.41
2000011,熊,Animal,0,42,8.0,1570/1570,385/385,99/100,342,274,112,131,279,0.47
2000011,熊,Animal,0,53,8.0,1917/1917,449/449,99/100,396,352,131,123,304,0.43
2000011,熊,Animal,0,60,8.0,2216/2218,512/512,99/100,465,370,153,111,329,0.39
2000011,熊,Animal,0,47,8.0,1820/1820,442/442,99/100,380,314,137,125,299,0.42
2000011,熊,Animal,0,50,8.0,1890/1890,469/469,99/100,370,337,119,129,303,0.46
2000002,羊,Animal,0,14,2.0,218/218,146/146,99/100,53,73,43,112,122,0.70
2000002,羊,Animal,0,12,2.0,192/192,146/146,99/100,48,70,42,114,120,0.70
2000002,羊,Animal,0,13,2.0,186/186,147/147,99/100,47,67,41,114,119,0.70
2000002,羊,Animal,0,11,2.0,174/174,129/129,99/100,46,66,39,113,119,0.71
2000002,羊,Animal,0,3,2.0,97/97,67/67,99/100,32,41,30,111,115,0.77
2000002,羊,Animal,0,13,2.0,192/192,140/140,99/100,45,67,43,113,120,0.70
2000002,羊,Animal,0,1,2.0,77/77,59/59,99/100,29,37,28,112,114,0.78
2000002,羊,Animal,0,3,2.0,93/93,70/70,99/100,33,42,29,112,114,0.77
2000002,羊,Animal,0,13,2.0,196/196,152/152,99/100,48,74,43,114,119,0.69
2000002,羊,Animal,0,4,2.0,103/103,74/74,99/100,34,43,32,112,115,0.76
2000002,羊,Animal,0,10,2.0,166/166,127/127,99/100,41,61,41,113,118,0.71
2000002,羊,Animal,0,4,2.0,105/105,70/70,99/100,34,43,31,111,116,0.76
2000002,羊,Animal,0,1,2.0,71/71,51/51,99/100,29,35,28,111,113,0.78
2000002,羊,Animal,0,10,2.0,167/167,128/128,99/100,44,60,41,113,118,0.71
2000002,羊,Animal,0,14,2.0,200/200,157/157,99/100,52,73,41,114,119,0.70
2000002,羊,Animal,0,13,2.0,210/210,153/153,99/100,48,73,44,114,121,0.69
2000002,羊,Animal,0,5,2.0,117/117,88/88,99/100,34,48,33,112,116,0.75
2000002,羊,Animal,0,13,2.0,202/202,128/128,99/100,48,67,40,111,122,0.71
2000002,羊,Animal,0,7,2.0,127/127,89/89,99/100,39,51,34,112,117,0.74
2000002,羊,Animal,0,3,2.0,93/93,65/65,99/100,32,43,30,111,114,0.76
2000002,羊,Animal,0,10,2.0,163/163,117/117,99/100,44,61,41,112,118,0.71
2000002,羊,Animal,0,5,2.0,116/116,77/77,99/100,36,48,31,111,116,0.76
2000002,羊,Animal,0,11,2.0,169/169,124/124,99/100,43,62,38,113,119,0.72
2000002,羊,Animal,0,6,2.0,127/127,83/83,99/100,36,50,32,111,117,0.75
2000002,羊,Animal,0,4,2.0,103/103,76/76,99/100,36,46,32,112,115,0.76
2000002,羊,Animal,0,6,2.0,120/120,83/83,99/100,35,52,33,112,116,0.75
2000002,羊,Animal,0,3,2.0,95/95,67/67,99/100,32,41,30,111,115,0.76
2000002,羊,Animal,0,15,2.0,219/219,149/149,99/100,50,78,42,113,122,0.70
2000002,羊,Animal,0,2,2.0,86/86,61/61,99/100,31,39,30,111,115,0.77
2000002,羊,Animal,0,9,2.0,162/162,107/107,99/100,43,60,40,112,119,0.71
2000009,狼,Animal,0,31,4.0,643/643,286/286,99/100,169,130,121,120,169,0.45
2000009,狼,Animal,0,28,4.0,630/631,269/269,99/100,159,132,110,120,169,0.47
2000009,狼,Animal,0,32,4.0,700/700,332/332,99/100,181,141,125,122,172,0.44
2000009,狼,Animal,0,23,4.0,540/540,232/232,99/100,138,112,103,121,164,0.49
2000009,狼,Animal,0,35,4.0,770/770,348/348,99/100,205,146,134,118,177,0.43
2000009,狼,Animal,0,28,4.0,605/605,293/293,99/100,167,123,110,123,165,0.47
2000009,狼,Animal,0,21,4.0,478/478,228/228,99/100,128,101,89,125,159,0.53
2000009,狼,Animal,0,28,4.0,635/636,305/305,99/100,169,139,115,124,167,0.46
2000009,狼,Animal,0,20,4.0,479/479,212/212,99/100,126,110,95,123,159,0.51
2000009,狼,Animal,0,22,4.0,502/502,244/244,99/100,134,112,97,125,159,0.51
2000009,狼,Animal,0,21,4.0,478/478,233/233,99/100,139,101,89,125,157,0.53
2000009,狼,Animal,0,35,4.0,726/726,312/312,99/100,203,162,126,118,172,0.44
2000009,狼,Animal,0,33,4.0,717/717,305/305,99/100,179,148,120,119,175,0.45
2000009,狼,Animal,0,28,4.0,637/637,263/263,99/100,168,129,118,118,170,0.46
2000009,狼,Animal,0,23,4.0,540/541,246/246,99/100,149,113,98,123,162,0.50
2000009,狼,Animal,0,29,4.0,660/660,300/300,99/100,178,128,121,120,170,0.45
2000009,狼,Animal,0,34,4.0,747/747,344/344,99/100,201,160,128,121,173,0.44
2000009,狼,Animal,0,22,4.0,485/485,219/219,99/100,136,107,94,123,159,0.51
2000009,狼,Animal,0,27,4.0,624/624,283/283,99/100,160,130,115,122,168,0.46
2000009,狼,Animal,0,30,4.0,620/620,290/290,99/100,165,127,115,122,167,0.47
2010021,警察头领,Lemurian,0,100,60.0,7/7,1307/1307,99/100,0,0,0,0,0,1.00
2010012,警察,Lemurian,0,100,50.0,49/49,1200/1200,99/100,12,11,6,2,4,0.94
2010012,警察,Lemurian,0,100,50.0,48/48,1187/1187,99/100,12,11,7,2,4,0.93
2010012,警察,Lemurian,0,100,50.0,50/50,1254/1254,99/100,11,12,6,3,4,0.94
2010012,警察,Lemurian,0,100,50.0,51/51,1239/1239,99/100,12,12,7,2,4,0.93
2010012,警察,Lemurian,0,100,50.0,48/48,1208/1208,99/100,12,12,6,3,4,0.94
2010020,店主,Lemurian,0,100,40.0,297/297,1310/1310,99/100,64,74,46,32,31,0.68
2010020,店主,Lemurian,0,100,40.0,324/324,1331/1331,99/100,65,77,47,31,33,0.68
2010020,店主,Lemurian,0,100,40.0,321/321,1301/1301,99/100,63,78,52,30,33,0.66
2010000,农夫,Lemurian,0,100,35.0,684/684,1380/1380,99/100,148,159,114,69,71,0.47
2010002,店主,Lemurian,0,100,35.0,834/834,1233/1233,99/100,204,186,132,53,83,0.43
2010010,商人,Lemurian,0,100,40.0,297/297,1365/1365,99/100,56,62,51,32,32,0.66
2010020,店主,Lemurian,0,100,40.0,295/296,1341/1341,99/100,59,76,46,33,31,0.68
2010001,矿工,Lemurian,0,100,40.0,323/323,1242/1242,99/100,71,74,41,29,34,0.71
2100001,萨尔,Lemurian,0,100,35.0,861/861,1647/1647,99/100,213,171,188,64,79,0.35
2000008,鳄鱼,Animal,0,44,8.0,1530/1530,436/436,99/100,290,329,139,146,269,0.42
2000008,鳄鱼,Animal,0,45,8.0,1601/1601,416/416,99/100,314,356,137,140,274,0.42
2000008,鳄鱼,Animal,0,34,8.0,1225/1225,352/352,99/100,243,282,108,152,246,0.48
2000008,鳄鱼,Animal,0,39,8.0,1451/1451,402/402,99/100,266,317,124,147,265,0.44
2000008,鳄鱼,Animal,0,44,8.0,1558/1558,442/442,99/100,307,349,123,147,269,0.45
2000008,鳄鱼,Animal,0,44,8.0,1570/1570,419/419,99/100,306,338,122,142,273,0.45
2000008,鳄鱼,Animal,0,33,8.0,1217/1217,288/288,99/100,222,258,104,143,254,0.49
2000008,鳄鱼,Animal,0,32,8.0,1166/1166,301/301,99/100,225,261,108,147,247,0.48
2000008,鳄鱼,Animal,0,34,8.0,1256/1256,330/330,99/100,251,292,114,147,250,0.47
2000008,鳄鱼,Animal,0,42,8.0,1515/1515,403/403,99/100,280,344,118,145,269,0.46
2000008,鳄鱼,Animal,0,38,8.0,1409/1409,339/339,99/100,259,309,121,140,266,0.45
2000008,鳄鱼,Animal,0,36,8.0,1280/1280,349/349,99/100,239,294,116,149,253,0.46
2000008,鳄鱼,Animal,0,37,8.0,1344/1346,366/366,99/100,254,311,120,148,256,0.45
2000008,鳄鱼,Animal,0,41,8.0,1437/1437,390/390,99/100,265,327,127,147,263,0.44
2000008,鳄鱼,Animal,0,44,8.0,1583/1585,445/445,99/100,308,350,123,146,272,0.45
2000008,鳄鱼,Animal,0,34,8.0,1257/1257,345/345,99/100,229,266,107,149,254,0.48
2000008,鳄鱼,Animal,0,45,8.0,1608/1608,437/437,99/100,306,357,143,143,274,0.41
2000008,鳄鱼,Animal,0,44,8.0,1562/1562,394/394,99/100,297,328,127,139,275,0.44
2000008,鳄鱼,Animal,0,36,8.0,1320/1321,338/338,99/100,254,287,117,144,258,0.46
2000008,鳄鱼,Animal,0,45,8.0,1536/1536,433/433,99/100,283,332,127,147,271,0.44
2000004,蛇,Animal,0,3,2.0,64/65,49/49,99/100,41,30,39,109,114,0.72
2000004,蛇,Animal,0,8,2.0,99/99,74/74,99/100,57,36,51,108,116,0.66
2000004,蛇,Animal,0,6,2.0,83/83,65/65,99/100,49,37,48,109,114,0.67
2000004,蛇,Animal,0,8,2.0,88/88,76/76,99/100,54,36,50,109,114,0.67
2000004,蛇,Animal,0,5,2.0,81/81,64/64,99/100,48,35,45,109,115,0.69
2000004,蛇,Animal,0,8,2.0,98/98,74/74,99/100,57,40,50,108,115,0.66
2000004,蛇,Animal,0,9,2.0,101/101,82/82,99/100,62,38,55,108,115,0.64
2000004,蛇,Animal,0,3,2.0,64/64,50/50,99/100,42,30,39,109,113,0.72
2000004,蛇,Animal,0,4,2.0,75/75,62/62,99/100,45,33,43,109,114,0.70
2000004,蛇,Animal,0,4,2.0,66/66,54/54,99/100,46,31,40,109,113,0.71
2000004,蛇,Animal,0,5,2.0,73/73,62/62,99/100,47,34,45,109,114,0.69
2000004,蛇,Animal,0,7,2.0,90/90,72/72,99/100,56,40,49,108,114,0.67
2000004,蛇,Animal,0,1,2.0,51/51,45/45,99/100,36,29,34,110,112,0.74
2000004,蛇,Animal,0,7,2.0,88/88,68/68,99/100,52,35,48,108,115,0.67
2000004,蛇,Animal,0,2,2.0,54/54,46/46,99/100,40,29,37,109,113,0.73
2000004,蛇,Animal,0,1,2.0,49/49,45/45,99/100,37,29,34,110,112,0.74
2000004,蛇,Animal,0,10,2.0,111/111,87/87,99/100,65,45,57,108,115,0.64
2000004,蛇,Animal,0,6,2.0,80/80,63/63,99/100,48,34,47,108,114,0.68
2000004,蛇,Animal,0,6,2.0,79/79,66/66,99/100,50,34,48,109,114,0.67
2000004,蛇,Animal,0,6,2.0,85/85,64/64,99/100,50,35,45,108,115,0.69
2000004,蛇,Animal,0,8,2.0,88/88,70/70,99/100,54,37,50,108,115,0.67
2000004,蛇,Animal,0,5,2.0,73/73,63/63,99/100,46,32,43,109,114,0.69
2000004,蛇,Animal,0,4,2.0,66/66,58/58,99/100,44,32,40,110,113,0.71
2000004,蛇,Animal,0,9,2.0,103/103,81/81,99/100,59,41,56,108,116,0.64
2000004,蛇,Animal,0,1,2.0,50/50,46/46,99/100,36,30,35,110,112,0.74
2000004,蛇,Animal,0,10,2.0,105/105,90/90,99/100,64,39,55,108,115,0.64
2000004,蛇,Animal,0,8,2.0,98/98,77/77,99/100,59,38,54,108,115,0.65
2000004,蛇,Animal,0,8,2.0,103/103,77/77,99/100,59,37,54,107,116,0.65
2000004,蛇,Animal,0,2,2.0,58/58,46/46,99/100,39,31,36,109,113,0.73
2000004,蛇,Animal,0,1,2.0,50/50,40/40,99/100,35,29,33,110,113,0.75
2010010,商人,Lemurian,0,100,40.0,295/295,1426/1426,99/100,59,69,49,34,31,0.67
2010001,矿工,Lemurian,0,100,40.0,322/323,1297/1297,99/100,72,80,41,30,33,0.71
2010020,店主,Lemurian,0,100,40.0,301/301,1316/1316,99/100,59,77,50,32,32,0.67
2010000,农夫,Lemurian,0,100,35.0,707/707,1246/1246,99/100,130,169,109,65,76,0.48
2010002,店主,Lemurian,0,100,35.0,816/816,1280/1280,99/100,191,172,131,56,82,0.43
2010020,店主,Lemurian,0,100,40.0,316/316,1368/1368,99/100,65,75,48,32,33,0.67
2010020,店主,Lemurian,0,100,40.0,312/312,1233/1233,99/100,59,77,48,30,34,0.67
2010020,店主,Lemurian,0,100,40.0,295/295,1299/1299,99/100,59,71,49,31,32,0.67
2010021,警察头领,Lemurian,0,100,60.0,8/8,1227/1227,99/100,0,0,0,0,0,1.00
2010012,警察,Lemurian,0,100,50.0,48/48,1249/1249,99/100,11,12,7,3,4,0.93
2010012,警察,Lemurian,0,100,50.0,48/48,1261/1261,99/100,11,11,6,3,4,0.94
2010012,警察,Lemurian,0,100,50.0,52/52,1323/1323,99/100,11,12,7,3,4,0.93
2010012,警察,Lemurian,0,100,50.0,51/51,1191/1191,99/100,12,12,6,2,4,0.94
2010012,警察,Lemurian,0,100,50.0,51/51,1285/1285,99/100,12,12,7,3,4,0.93
2100004,伊沙尔,Atlantean,0,100,40.0,431/431,1534/1534,99/100,107,105,59,28,37,0.63
2000002,羊,Animal,0,6,2.0,129/129,88/88,99/100,37,49,35,111,117,0.74
2000002,羊,Animal,0,9,2.0,162/162,108/108,99/100,42,57,37,112,119,0.73
2000002,羊,Animal,0,6,2.0,123/123,96/96,99/100,39,49,33,112,116,0.75
2000002,羊,Animal,0,5,2.0,117/117,79/79,99/100,37,49,32,111,116,0.76
2000002,羊,Animal,0,7,2.0,144/144,101/101,99/100,41,54,35,112,117,0.74
2000002,羊,Animal,0,7,2.0,136/136,104/104,99/100,38,54,36,113,117,0.73
2000002,羊,Animal,0,9,2.0,151/151,110/110,99/100,43,60,38,112,118,0.72
2000002,羊,Animal,0,7,2.0,140/140,100/100,99/100,37,53,37,112,118,0.73
2000002,羊,Animal,0,5,2.0,109/109,80/80,99/100,35,46,34,112,116,0.75
2000002,羊,Animal,0,8,2.0,154/154,104/104,99/100,40,59,37,112,118,0.73
2000002,羊,Animal,0,5,2.0,116/116,78/78,99/100,37,48,32,111,116,0.76
2000002,羊,Animal,0,7,2.0,131/131,93/93,99/100,38,52,33,112,117,0.75
2000002,羊,Animal,0,9,2.0,158/158,110/110,99/100,44,60,36,112,118,0.73
2000002,羊,Animal,0,9,2.0,164/164,111/111,99/100,44,62,36,112,119,0.73
2000002,羊,Animal,0,6,2.0,121/121,83/83,99/100,35,49,34,112,117,0.74
2000002,羊,Animal,0,8,2.0,147/147,100/100,99/100,43,57,38,112,118,0.72
2000002,羊,Animal,0,6,2.0,127/127,88/88,99/100,37,52,33,112,116,0.75
2000002,羊,Animal,0,8,2.0,140/140,101/101,99/100,39,57,36,112,117,0.73
2000002,羊,Animal,0,9,2.0,164/164,105/105,99/100,40,62,38,112,119,0.72
2000002,羊,Animal,0,6,2.0,127/127,87/87,99/100,37,48,32,112,117,0.75
2000002,羊,Animal,0,9,2.0,164/164,124/124,99/100,45,61,40,113,118,0.71
2000002,羊,Animal,0,9,2.0,146/146,105/105,99/100,39,58,35,113,117,0.74
2000002,羊,Animal,0,6,2.0,120/120,82/82,99/100,35,51,32,112,116,0.75
2000002,羊,Animal,0,5,2.0,116/116,89/89,99/100,36,47,34,112,116,0.74
2000002,羊,Animal,0,8,2.0,150/150,104/104,99/100,42,57,36,112,118,0.73
2000002,羊,Animal,0,9,2.0,166/167,107/107,99/100,43,60,40,111,119,0.71
2000002,羊,Animal,0,5,2.0,111/111,83/83,99/100,34,48,31,112,116,0.76
2000002,羊,Animal,0,5,2.0,111/111,78/78,99/100,37,48,32,112,115,0.75
2000002,羊,Animal,0,8,2.0,147/147,97/97,99/100,42,54,36,111,118,0.73
2000002,羊,Animal,0,7,2.0,135/135,106/106,99/100,38,56,37,113,116,0.73
2000002,羊,Animal,0,6,2.0,132/132,92/92,99/100,39,53,35,112,117,0.74
2000002,羊,Animal,0,7,2.0,132/132,98/98,99/100,39,51,34,112,117,0.74
2000002,羊,Animal,0,9,2.0,163/163,110/110,99/100,44,57,38,112,119,0.72
2000002,羊,Animal,0,7,2.0,138/138,101/101,99/100,41,56,35,112,117,0.74
2000002,羊,Animal,0,9,2.0,151/151,109/109,99/100,40,61,38,113,118,0.72
2000002,羊,Animal,0,8,2.0,150/150,114/114,99/100,41,59,36,113,117,0.73
2000002,羊,Animal,0,7,2.0,138/138,106/106,99/100,40,55,37,113,117,0.73
2000002,羊,Animal,0,9,2.0,151/151,107/107,99/100,42,58,36,112,118,0.73
2000002,羊,Animal,0,8,2.0,140/140,106/106,99/100,41,54,37,112,117,0.73
2000002,羊,Animal,0,8,2.0,145/145,95/95,99/100,38,55,36,112,118,0.74
2000002,羊,Animal,0,7,2.0,132/132,98/98,99/100,37,53,35,112,117,0.74
2000002,羊,Animal,0,7,2.0,131/131,95/95,99/100,38,55,35,112,116,0.74
2000002,羊,Animal,0,7,2.0,129/129,93/93,99/100,38,52,34,112,116,0.74
2000002,羊,Animal,0,5,2.0,111/111,79/79,99/100,34,46,33,112,116,0.75
2000002,羊,Animal,0,9,2.0,152/152,115/115,99/100,43,62,37,113,117,0.73
2000002,羊,Animal,0,9,2.0,162/162,118/118,99/100,41,57,37,113,119,0.73
2000002,羊,Animal,0,6,2.0,122/123,93/93,99/100,37,52,34,112,116,0.74
2000002,羊,Animal,0,9,2.0,151/151,103/103,99/100,44,58,36,112,118,0.73
2000002,羊,Animal,0,8,2.0,140/140,106/106,99/100,39,55,37,113,117,0.73
2000002,羊,Animal,0,5,2.0,109/109,88/88,99/100,37,47,32,113,115,0.76
2000002,羊,Animal,0,8,2.0,140/140,106/106,99/100,38,57,37,113,117,0.73
2000002,羊,Animal,0,8,2.0,150/150,106/106,99/100,40,56,36,112,118,0.73
2000002,羊,Animal,0,5,2.0,117/117,83/83,99/100,34,47,32,112,116,0.75
2000002,羊,Animal,0,8,2.0,144/144,99/99,99/100,42,57,37,112,117,0.73
2000002,羊,Animal,0,8,2.0,144/144,94/94,99/100,38,53,35,111,118,0.74
2000002,羊,Animal,0,5,2.0,113/113,77/77,99/100,34,48,33,112,116,0.75
2000002,羊,Animal,0,7,2.0,132/132,100/100,99/100,41,52,37,112,116,0.73
2000002,羊,Animal,0,5,2.0,117/117,77/77,99/100,35,48,31,111,116,0.76
2000002,羊,Animal,0,5,2.0,116/116,87/87,99/100,34,48,31,112,116,0.76
2000002,羊,Animal,0,9,2.0,158/158,104/104,99/100,41,61,36,112,118,0.73
2000002,羊,Animal,0,9,2.0,156/156,110/110,99/100,44,62,36,112,118,0.73
2000002,羊,Animal,0,9,2.0,156/156,105/105,99/100,43,60,38,112,118,0.72
2000002,羊,Animal,0,6,2.0,120/120,89/89,99/100,36,48,32,112,116,0.75
2000002,羊,Animal,0,5,2.0,118/118,85/85,99/100,37,47,32,112,116,0.76
2000002,羊,Animal,0,5,2.0,117/117,81/81,99/100,36,47,31,112,116,0.76
2000002,羊,Animal,0,8,2.0,140/140,102/102,99/100,41,57,36,112,117,0.73
2000002,羊,Animal,0,6,2.0,127/127,93/93,99/100,39,50,34,112,116,0.74
2000002,羊,Animal,0,6,2.0,127/127,92/92,99/100,37,50,34,112,117,0.74
2000002,羊,Animal,0,6,2.0,132/132,99/99,99/100,39,52,35,112,117,0.74
2000002,羊,Animal,0,8,2.0,147/147,106/106,99/100,39,57,35,113,118,0.74
2000002,羊,Animal,0,8,2.0,144/144,97/97,99/100,42,55,36,112,117,0.73
2000002,羊,Animal,0,9,2.0,158/158,114/114,99/100,43,57,38,112,118,0.72
2000002,羊,Animal,0,9,2.0,164/164,124/124,99/100,43,62,40,113,118,0.71
2000002,羊,Animal,0,9,2.0,162/162,122/122,99/100,43,61,38,113,118,0.72
2000002,羊,Animal,0,9,2.0,147/147,100/100,99/100,39,58,37,112,118,0.73
2000002,羊,Animal,0,7,2.0,140/140,102/102,99/100,39,56,37,112,117,0.73
2000002,羊,Animal,0,8,2.0,150/150,97/97,99/100,39,55,36,111,118,0.73
2000002,羊,Animal,0,6,2.0,127/127,84/84,99/100,36,52,33,112,117,0.75
2000002,羊,Animal,0,8,2.0,151/151,105/105,99/100,40,59,38,112,118,0.72
2000002,羊,Animal,0,9,2.0,158/158,117/117,99/100,43,62,38,113,118,0.72
2000002,羊,Animal,0,9,2.0,158/158,111/111,99/100,43,62,38,112,118,0.72
2000002,羊,Animal,0,5,2.0,110/110,85/85,99/100,37,46,33,112,115,0.75
2000002,羊,Animal,0,6,2.0,128/128,91/91,99/100,35,49,34,112,117,0.74
2000002,羊,Animal,0,8,2.0,151/151,109/109,99/100,39,59,38,113,118,0.72
2000002,羊,Animal,0,7,2.0,132/132,97/97,99/100,39,54,37,112,117,0.73
2000002,羊,Animal,0,6,2.0,121/121,83/83,99/100,36,49,33,112,116,0.75
2000002,羊,Animal,0,6,2.0,128/128,97/97,99/100,37,53,34,113,116,0.75
2000002,羊,Animal,0,8,2.0,151/151,103/103,99/100,42,57,35,112,118,0.74
2000002,羊,Animal,0,7,2.0,136/136,104/104,99/100,37,56,36,113,117,0.73
2000002,羊,Animal,0,7,2.0,136/136,103/103,99/100,40,51,34,112,117,0.75
2000002,羊,Animal,0,5,2.0,111/111,83/83,99/100,34,48,31,112,116,0.76
2000002,羊,Animal,0,8,2.0,140/140,99/99,99/100,40,54,35,112,117,0.74
2000002,羊,Animal,0,9,2.0,158/158,104/104,99/100,41,61,36,112,118,0.73
2000002,羊,Animal,0,6,2.0,123/123,94/94,99/100,38,53,35,112,116,0.74
2000002,羊,Animal,0,6,2.0,127/127,84/84,99/100,35,51,34,111,117,0.74
2000002,羊,Animal,0,5,2.0,116/116,86/86,99/100,36,48,34,112,116,0.74
2000002,羊,Animal,0,9,2.0,158/158,121/121,99/100,44,62,36,113,117,0.73
2000002,羊,Animal,0,8,2.0,150/150,97/97,99/100,38,57,36,111,118,0.73
2000002,羊,Animal,0,8,2.0,151/151,112/112,99/100,40,56,37,113,118,0.73
2000002,羊,Animal,0,8,2.0,147/147,114/114,99/100,43,59,36,113,117,0.73
2000002,羊,Animal,0,6,2.0,127/127,93/93,99/100,38,52,33,112,116,0.75
2000002,羊,Animal,0,9,2.0,152/152,113/113,99/100,42,58,37,113,118,0.73
2000002,羊,Animal,0,5,2.0,117/117,83/83,99/100,37,49,33,112,116,0.75
2000002,羊,Animal,0,9,2.0,156/156,109/109,99/100,40,60,39,112,118,0.72
2000002,羊,Animal,0,7,2.0,140/140,105/105,99/100,37,56,36,113,117,0.73
2000002,羊,Animal,0,6,2.0,127/127,96/96,99/100,39,50,33,112,116,0.75
2000002,羊,Animal,0,5,2.0,120/120,85/85,99/100,34,47,34,112,116,0.74
2000002,羊,Animal,0,9,2.0,163/163,105/105,99/100,43,59,38,111,119,0.72
2000002,羊,Animal,0,6,2.0,127/127,97/97,99/100,39,51,33,113,116,0.75
2000002,羊,Animal,0,6,2.0,127/127,85/85,99/100,39,50,33,111,117,0.75
2000002,羊,Animal,0,8,2.0,140/140,97/97,99/100,39,58,36,112,117,0.73
2000002,羊,Animal,0,8,2.0,149/149,113/113,99/100,42,54,37,113,118,0.73
2000002,羊,Animal,0,8,2.0,140/140,111/111,99/100,42,56,35,113,116,0.74
2000002,羊,Animal,0,8,2.0,144/144,108/108,99/100,40,57,38,113,117,0.72
2000002,羊,Animal,0,7,2.0,127/127,88/88,99/100,37,51,34,112,117,0.74
2000002,羊,Animal,0,7,2.0,140/140,100/100,99/100,41,53,34,112,117,0.74
2000002,羊,Animal,0,8,2.0,150/150,115/115,99/100,43,58,38,113,117,0.72
2000002,羊,Animal,0,7,2.0,138/138,92/92,99/100,39,55,35,112,117,0.74
2000002,羊,Animal,0,7,2.0,138/139,97/97,99/100,41,52,37,112,117,0.73
2000002,羊,Animal,0,7,2.0,140/140,101/101,99/100,41,54,34,112,117,0.74
2000002,羊,Animal,0,7,2.0,135/135,101/101,99/100,38,51,34,113,117,0.75
2000002,羊,Animal,0,6,2.0,123/123,84/84,99/100,36,52,33,112,116,0.75
2000002,羊,Animal,0,7,2.0,139/139,98/98,99/100,37,51,35,112,118,0.74
2000002,羊,Animal,0,9,2.0,154/156,120/120,99/100,44,59,37,113,117,0.73
2000002,羊,Animal,0,5,2.0,117/117,87/87,99/100,35,46,32,112,116,0.75
2000002,羊,Animal,0,6,2.0,122/122,85/85,99/100,37,51,35,112,116,0.74
2000002,羊,Animal,0,9,2.0,158/158,120/120,99/100,40,60,39,113,118,0.71
2000002,羊,Animal,0,7,2.0,131/131,91/91,99/100,39,55,35,112,116,0.74
2000002,羊,Animal,0,9,2.0,154/154,109/109,99/100,41,62,37,112,118,0.73
2000002,羊,Animal,0,8,2.0,145/145,100/100,99/100,39,55,35,112,118,0.74
2000002,羊,Animal,0,6,2.0,123/123,89/89,99/100,39,52,33,112,116,0.75
2000002,羊,Animal,0,9,2.0,158/158,117/117,99/100,44,59,40,112,118,0.71
2000002,羊,Animal,0,9,2.0,156/156,117/117,99/100,41,58,36,113,118,0.73
2000002,羊,Animal,0,6,2.0,131/131,90/90,99/100,39,49,35,111,117,0.74
2000002,羊,Animal,0,8,2.0,152/152,99/99,99/100,42,59,35,111,118,0.74
2000002,羊,Animal,0,6,2.0,127/127,98/98,99/100,37,53,35,113,116,0.74
2000002,羊,Animal,0,8,2.0,145/145,105/105,99/100,43,57,38,112,117,0.72
2000002,羊,Animal,0,5,2.0,113/113,82/82,99/100,34,49,34,112,116,0.74
2000002,羊,Animal,0,8,2.0,145/145,110/110,99/100,43,58,38,113,117,0.72
2000002,羊,Animal,0,8,2.0,147/147,108/108,99/100,39,59,38,113,117,0.72
2000002,羊,Animal,0,9,2.0,158/158,115/115,99/100,44,59,37,112,118,0.73
2000002,羊,Animal,0,5,2.0,116/116,81/81,99/100,36,48,32,112,116,0.76
2000002,羊,Animal,0,9,2.0,164/164,116/116,99/100,44,59,37,112,119,0.73
2000002,羊,Animal,0,9,2.0,154/154,105/105,99/100,44,60,37,112,118,0.73
2000002,羊,Animal,0,9,2.0,156/156,108/108,99/100,42,57,37,112,118,0.73
2000002,羊,Animal,0,5,2.0,116/116,77/77,99/100,36,46,33,111,116,0.75
2000014,牛,Animal,0,3,2.0,111/111,69/69,99/100,36,46,30,111,116,0.77
2000014,牛,Animal,0,3,2.0,103/103,60/60,99/100,33,42,30,110,116,0.77
2000014,牛,Animal,0,15,2.0,256/256,158/158,99/100,56,87,40,112,125,0.71
2000014,牛,Animal,0,8,2.0,162/162,97/97,99/100,43,62,34,111,119,0.74
2000014,牛,Animal,0,3,2.0,109/109,68/68,99/100,36,43,30,111,116,0.77
2000014,牛,Animal,0,13,2.0,218/218,135/135,99/100,51,73,42,111,123,0.70
2000014,牛,Animal,0,11,2.0,205/205,125/125,99/100,49,73,40,111,122,0.71
2000014,牛,Animal,0,7,2.0,154/154,90/90,99/100,41,55,35,110,119,0.74
2000014,牛,Animal,0,12,2.0,215/215,114/114,99/100,48,69,41,110,124,0.71
2000014,牛,Animal,0,12,2.0,215/215,122/122,99/100,50,74,37,111,123,0.73
2000014,牛,Animal,0,13,2.0,216/218,121/121,99/100,51,79,38,111,123,0.72
2000014,牛,Animal,0,2,2.0,95/95,58/58,99/100,32,42,29,111,115,0.77
2000014,牛,Animal,0,11,2.0,204/204,113/113,99/100,48,66,36,110,123,0.73
2000014,牛,Animal,0,4,2.0,123/123,76/76,99/100,38,47,32,111,117,0.76
2000014,牛,Animal,0,1,2.0,82/82,53/53,99/100,30,38,27,111,114,0.78
2000014,牛,Animal,0,12,2.0,225/225,135/135,99/100,55,77,40,111,123,0.71
2000014,牛,Animal,0,11,2.0,207/207,130/130,99/100,52,69,38,111,122,0.72
2000014,牛,Animal,0,9,2.0,188/188,107/107,99/100,47,66,37,110,121,0.73
2000014,牛,Animal,0,12,2.0,222/222,135/135,99/100,48,70,41,111,124,0.71
2000014,牛,Animal,0,5,2.0,127/127,84/84,99/100,39,49,33,111,117,0.75
2000014,牛,Animal,0,6,2.0,140/140,81/81,99/100,42,52,34,110,118,0.74
2000014,牛,Animal,0,15,2.0,261/261,143/143,99/100,53,86,42,110,126,0.70
2000014,牛,Animal,0,11,2.0,196/196,128/128,99/100,50,71,38,112,121,0.72
2000014,牛,Animal,0,2,2.0,95/95,55/55,99/100,32,41,27,110,115,0.78
2000014,牛,Animal,0,5,2.0,127/127,80/80,99/100,37,48,32,111,117,0.75
2000014,牛,Animal,0,7,2.0,158/158,97/97,99/100,44,59,34,111,119,0.75
2000014,牛,Animal,0,2,2.0,87/87,56/56,99/100,31,39,28,111,115,0.78
2000014,牛,Animal,0,1,2.0,81/81,51/51,99/100,30,37,27,111,114,0.79
2000014,牛,Animal,0,4,2.0,118/118,71/71,99/100,35,49,31,111,117,0.76
2000014,牛,Animal,0,7,2.0,158/158,93/93,99/100,43,58,35,110,119,0.74
2000015,马,Animal,0,11,3.0,227/227,125/125,99/100,56,66,59,119,134,0.63
2000015,马,Animal,0,16,3.0,292/292,161/161,99/100,67,86,70,119,138,0.59
2000015,马,Animal,0,20,3.0,354/354,175/175,99/100,79,100,84,117,142,0.54
2000015,马,Animal,0,17,3.0,306/306,166/166,99/100,75,90,77,118,139,0.56
2000015,马,Animal,0,15,3.0,272/272,151/151,99/100,67,75,67,119,137,0.60
2000015,马,Animal,0,14,3.0,254/254,141/141,99/100,69,77,65,119,135,0.60
2000015,马,Animal,0,9,3.0,204/204,117/117,99/100,57,65,57,120,132,0.64
2000015,马,Animal,0,19,3.0,354/354,203/203,99/100,84,98,83,119,141,0.55
2000015,马,Animal,0,9,3.0,200/200,109/109,99/100,57,61,56,119,132,0.64
2000015,马,Animal,0,15,3.0,279/279,152/152,99/100,72,84,70,118,137,0.59
2000015,马,Animal,0,8,3.0,184/184,102/102,99/100,54,61,53,119,131,0.65
2000015,马,Animal,0,13,3.0,255/255,137/137,99/100,67,73,66,118,136,0.60
2000015,马,Animal,0,17,3.0,303/303,175/175,99/100,72,81,74,119,139,0.57
2000015,马,Animal,0,17,3.0,306/306,163/163,99/100,77,87,72,118,139,0.58
2000015,马,Animal,0,16,3.0,279/279,157/157,99/100,66,77,71,119,138,0.58
2000015,马,Animal,0,20,3.0,325/325,167/167,99/100,78,88,83,117,141,0.54
2000015,马,Animal,0,5,3.0,150/150,89/89,99/100,46,52,45,120,129,0.69
2000015,马,Animal,0,10,3.0,202/202,117/117,99/100,54,67,56,120,132,0.64
2000015,马,Animal,0,19,3.0,305/305,155/155,99/100,71,87,74,117,139,0.57
2000015,马,Animal,0,6,3.0,158/158,89/89,99/100,47,52,46,120,130,0.68
2000015,马,Animal,0,17,3.0,291/291,148/148,99/100,73,80,72,117,139,0.58
2000015,马,Animal,0,6,3.0,164/164,94/94,99/100,50,56,49,120,130,0.67
2000015,马,Animal,0,15,3.0,283/283,139/139,99/100,67,75,71,117,139,0.58
2000015,马,Animal,0,14,3.0,256/256,131/131,99/100,64,72,68,117,137,0.59
2000015,马,Animal,0,5,3.0,147/147,89/89,99/100,46,52,46,120,128,0.68
2000015,马,Animal,0,5,3.0,140/140,76/76,99/100,46,52,43,119,128,0.69
2000015,马,Animal,0,7,3.0,163/163,101/101,99/100,51,53,50,120,129,0.66
2000015,马,Animal,0,6,3.0,163/163,92/92,99/100,46,55,49,120,130,0.67
2000015,马,Animal,0,9,3.0,200/200,116/116,99/100,55,61,52,120,132,0.65
2000015,马,Animal,0,6,3.0,151/151,82/82,99/100,46,53,48,119,129,0.67
2000003,鹿,Animal,0,20,3.0,292/292,172/172,99/100,66,92,68,121,137,0.59
2000003,鹿,Animal,0,11,3.0,182/182,129/129,99/100,54,60,50,122,129,0.67
2000003,鹿,Animal,0,13,3.0,209/209,135/135,99/100,56,72,55,122,131,0.64
2000003,鹿,Animal,0,11,3.0,192/192,125/125,99/100,48,64,51,122,131,0.66
2000003,鹿,Animal,0,17,3.0,256/256,151/151,99/100,61,77,64,120,135,0.61
2000003,鹿,Animal,0,8,3.0,162/162,104/104,99/100,45,58,45,122,129,0.69
2000003,鹿,Animal,0,17,3.0,239/239,156/156,99/100,58,77,64,122,133,0.61
2000003,鹿,Animal,0,12,3.0,200/200,123/123,99/100,56,69,54,121,131,0.65
2000003,鹿,Animal,0,17,3.0,255/255,169/169,99/100,59,81,67,123,134,0.60
2000003,鹿,Animal,0,10,3.0,164/164,108/108,99/100,46,59,48,122,129,0.68
2000003,鹿,Animal,0,18,3.0,269/269,162/162,99/100,63,87,69,121,135,0.59
2000003,鹿,Animal,0,9,3.0,170/170,101/101,99/100,48,57,48,120,130,0.68
2000003,鹿,Animal,0,6,3.0,132/132,87/87,99/100,41,51,44,121,127,0.69
2000003,鹿,Animal,0,14,3.0,234/234,150/150,99/100,61,73,57,122,133,0.63
2000003,鹿,Animal,0,13,3.0,222/222,148/148,99/100,54,68,59,122,133,0.63
2000003,鹿,Animal,0,19,3.0,287/289,183/183,99/100,65,89,64,123,136,0.61
2000003,鹿,Animal,0,20,3.0,283/283,171/171,99/100,66,88,70,121,136,0.58
2000003,鹿,Animal,0,20,3.0,278/278,186/186,99/100,68,85,66,123,135,0.60
2000003,鹿,Animal,0,10,3.0,180/180,127/127,99/100,51,64,51,123,129,0.66
2000003,鹿,Animal,0,8,3.0,151/151,106/106,99/100,44,52,44,122,128,0.69
2000003,鹿,Animal,0,14,3.0,234/234,136/136,99/100,56,75,59,121,134,0.63
2000003,鹿,Animal,0,6,3.0,132/132,86/86,99/100,40,52,43,121,127,0.70
2000003,鹿,Animal,0,7,3.0,138/138,90/90,99/100,43,50,44,121,128,0.69
2000003,鹿,Animal,0,9,3.0,167/167,103/103,99/100,46,55,46,121,130,0.68
2000003,鹿,Animal,0,16,3.0,241/241,147/147,99/100,64,75,63,121,134,0.61
2000003,鹿,Animal,0,11,3.0,192/192,114/114,99/100,54,62,50,120,131,0.66
2000003,鹿,Animal,0,14,3.0,233/233,143/143,99/100,60,70,59,121,133,0.63
2000003,鹿,Animal,0,13,3.0,196/196,137/137,99/100,57,65,53,122,130,0.65
2000003,鹿,Animal,0,10,3.0,182/182,122/122,99/100,51,64,53,122,129,0.65
2000003,鹿,Animal,0,20,3.0,302/302,183/183,99/100,64,89,73,121,138,0.58
2000009,狼,Animal,0,32,4.0,681/681,316/316,99/100,185,145,118,122,170,0.46
2000009,狼,Animal,0,22,4.0,518/518,236/236,99/100,141,105,98,123,162,0.51
2000009,狼,Animal,0,32,4.0,690/690,286/286,99/100,184,140,121,117,173,0.45
2000009,狼,Animal,0,28,4.0,609/609,251/251,99/100,165,122,107,119,168,0.48
2000009,狼,Animal,0,23,4.0,521/521,238/238,99/100,137,111,97,123,162,0.51
2000009,狼,Animal,0,32,4.0,711/711,290/290,99/100,181,146,125,117,175,0.44
2000009,狼,Animal,0,32,4.0,667/667,286/286,99/100,189,140,121,118,170,0.45
2000009,狼,Animal,0,20,4.0,451/451,195/195,99/100,128,105,89,123,157,0.53
2000009,狼,Animal,0,28,4.0,632/632,296/296,99/100,163,124,114,122,169,0.47
2000009,狼,Animal,0,24,4.0,529/529,229/229,99/100,149,123,100,122,161,0.50
2000009,狼,Animal,0,20,4.0,461/461,196/196,99/100,131,101,89,122,158,0.53
2000009,狼,Animal,0,33,4.0,739/739,302/302,99/100,181,156,132,117,176,0.43
2000009,狼,Animal,0,26,4.0,556/556,250/250,99/100,153,124,102,122,162,0.49
2000009,狼,Animal,0,22,4.0,522/523,217/217,99/100,141,109,100,120,163,0.50
2000009,狼,Animal,0,29,4.0,599/599,253/253,99/100,160,128,108,120,167,0.48
2000009,狼,Animal,0,20,4.0,466/466,232/232,99/100,130,110,95,126,156,0.51
2000009,狼,Animal,0,30,4.0,648/648,268/268,99/100,175,128,115,118,171,0.46
2000009,狼,Animal,0,33,4.0,724/726,309/309,99/100,180,138,131,117,176,0.43
2000009,狼,Animal,0,20,4.0,467/467,221/221,99/100,136,103,92,124,157,0.52
2000009,狼,Animal,0,30,4.0,679/679,313/313,99/100,178,147,125,121,170,0.44
2000002,羊,Animal,0,9,2.0,162/162,112/112,99/100,44,60,38,112,118,0.72
2000002,羊,Animal,0,13,2.0,190/191,130/130,99/100,47,72,43,112,120,0.70
2000002,羊,Animal,0,6,2.0,127/127,87/87,99/100,39,51,35,111,116,0.74
2000002,羊,Animal,0,7,2.0,132/132,89/89,99/100,37,55,34,112,117,0.75
2000002,羊,Animal,0,10,2.0,172/172,111/111,99/100,44,60,39,111,120,0.71
2000002,羊,Animal,0,4,2.0,104/104,82/82,99/100,35,46,33,112,115,0.75
2000002,羊,Animal,0,13,2.0,186/186,133/133,99/100,44,67,43,113,120,0.70
2000002,羊,Animal,0,5,2.0,109/109,77/77,99/100,37,48,31,112,115,0.76
2000002,羊,Animal,0,12,2.0,198/198,132/132,99/100,44,69,44,112,121,0.69
2000002,羊,Animal,0,5,2.0,118/118,81/81,99/100,35,47,33,111,116,0.75
2000002,羊,Animal,0,13,2.0,190/190,142/142,99/100,49,72,40,114,119,0.71
2000002,羊,Animal,0,4,2.0,99/99,79/79,99/100,34,43,31,112,115,0.76
2000002,羊,Animal,0,8,2.0,158/158,102/102,99/100,43,59,38,111,119,0.72
2000002,羊,Animal,0,5,2.0,113/113,82/82,99/100,35,49,34,112,115,0.74
2000002,羊,Animal,0,7,2.0,135/135,95/95,99/100,37,55,36,112,117,0.73
2000002,羊,Animal,0,3,2.0,97/97,71/71,99/100,32,43,31,112,115,0.76
2000002,羊,Animal,0,12,2.0,196/196,124/124,99/100,46,67,42,111,121,0.70
2000002,羊,Animal,0,5,2.0,117/117,82/82,99/100,36,47,33,112,116,0.75
2000002,羊,Animal,0,11,2.0,184/184,138/138,99/100,46,65,42,113,119,0.70
2000002,羊,Animal,0,12,2.0,182/182,123/123,99/100,45,67,43,112,120,0.70
2000002,羊,Animal,0,12,2.0,200/200,128/128,99/100,50,68,44,111,121,0.69
2000002,羊,Animal,0,7,2.0,135/135,101/101,99/100,37,51,34,113,117,0.74
2000002,羊,Animal,0,15,2.0,216/216,169/169,99/100,55,79,46,114,120,0.68
2000002,羊,Animal,0,10,2.0,170/170,112/112,99/100,44,63,40,112,119,0.71
2000002,羊,Animal,0,7,2.0,138/138,104/104,99/100,38,54,35,113,117,0.74
2000002,羊,Animal,0,8,2.0,154/154,113/113,99/100,39,57,38,113,118,0.72
2000002,羊,Animal,0,15,2.0,227/227,152/152,99/100,50,73,48,112,123,0.68
2000002,羊,Animal,0,9,2.0,158/158,110/110,99/100,43,57,39,112,119,0.72
2000002,羊,Animal,0,12,2.0,190/190,130/130,99/100,47,65,42,112,120,0.70
2000002,羊,Animal,0,14,2.0,216/216,139/139,99/100,53,75,42,112,122,0.70
2000003,鹿,Animal,0,8,3.0,154/154,107/107,99/100,43,54,46,122,128,0.68
2000003,鹿,Animal,0,9,3.0,170/170,101/101,99/100,47,57,49,120,130,0.67
2000003,鹿,Animal,0,12,3.0,196/196,126/126,99/100,54,67,53,122,131,0.65
2000003,鹿,Animal,0,18,3.0,279/279,171/171,99/100,69,78,69,120,137,0.59
2000003,鹿,Animal,0,6,3.0,129/129,94/94,99/100,44,48,44,122,126,0.69
2000003,鹿,Animal,0,18,3.0,249/249,154/154,99/100,64,76,64,121,134,0.61
2000003,鹿,Animal,0,8,3.0,156/156,108/108,99/100,43,58,45,122,128,0.69
2000003,鹿,Animal,0,20,3.0,283/283,198/198,99/100,72,82,68,123,135,0.59
2000003,鹿,Animal,0,14,3.0,207/207,129/129,99/100,52,74,55,122,131,0.64
2000003,鹿,Animal,0,19,3.0,268/268,175/175,99/100,70,86,67,122,134,0.60
2000003,鹿,Animal,0,20,3.0,290/290,187/187,99/100,63,92,66,123,136,0.60
2000003,鹿,Animal,0,5,3.0,115/115,77/77,99/100,38,47,39,121,126,0.72
2000003,鹿,Animal,0,10,3.0,185/185,113/113,99/100,53,64,53,121,130,0.65
2000003,鹿,Animal,0,18,3.0,267/267,187/187,99/100,66,84,67,123,134,0.60
2000003,鹿,Animal,0,13,3.0,203/203,126/126,99/100,53,69,57,121,131,0.64
2000003,鹿,Animal,0,7,3.0,144/144,96/96,99/100,44,50,44,121,128,0.69
2000003,鹿,Animal,0,16,3.0,225/225,140/140,99/100,58,71,60,121,133,0.62
2000003,鹿,Animal,0,7,3.0,140/140,88/88,99/100,43,52,46,121,128,0.68
2000003,鹿,Animal,0,9,3.0,163/163,117/117,99/100,47,61,49,123,128,0.67
2000003,鹿,Animal,0,11,3.0,180/180,111/111,99/100,48,65,50,122,130,0.67
2000003,鹿,Animal,0,11,3.0,196/196,115/115,99/100,50,64,53,120,132,0.65
2000003,鹿,Animal,0,6,3.0,129/129,79/79,99/100,39,47,42,121,128,0.70
2000003,鹿,Animal,0,5,3.0,116/116,80/80,99/100,38,47,39,122,126,0.72
2000003,鹿,Animal,0,7,3.0,140/140,103/103,99/100,45,54,46,122,127,0.68
2000003,鹿,Animal,0,15,3.0,238/238,160/160,99/100,57,75,57,123,133,0.63
2000003,鹿,Animal,0,6,3.0,135/135,91/91,99/100,40,52,44,122,127,0.69
2000003,鹿,Animal,0,6,3.0,136/136,83/83,99/100,40,52,44,121,128,0.69
2000003,鹿,Animal,0,5,3.0,117/117,75/75,99/100,40,49,39,121,126,0.72
2000003,鹿,Animal,0,11,3.0,174/174,110/110,99/100,47,59,52,121,130,0.65
2000003,鹿,Animal,0,16,3.0,238/238,160/160,99/100,61,75,61,122,133,0.62
2000011,熊,Animal,0,59,8.0,2215/2215,495/495,99/100,461,392,161,110,328,0.38
2000011,熊,Animal,0,40,8.0,1547/1547,365/365,99/100,331,292,111,131,277,0.47
2000011,熊,Animal,0,42,8.0,1625/1625,353/353,99/100,320,283,124,125,289,0.44
2000011,熊,Animal,0,47,8.0,1741/1741,405/405,99/100,359,309,128,126,293,0.44
2000011,熊,Animal,0,56,8.0,2049/2049,510/510,99/100,430,374,154,122,311,0.39
2000011,熊,Animal,0,43,8.0,1621/1621,398/398,99/100,327,299,127,132,283,0.44
2000011,熊,Animal,0,45,8.0,1724/1725,410/410,99/100,339,290,130,127,295,0.43
2000011,熊,Animal,0,51,8.0,1940/1941,445/445,99/100,405,324,137,118,310,0.42
2000011,熊,Animal,0,45,8.0,1691/1691,409/409,99/100,366,323,133,129,285,0.43
2000011,熊,Animal,0,57,8.0,2044/2044,442/442,99/100,408,348,135,114,319,0.42
2000011,熊,Animal,0,51,8.0,1940/1940,435/435,99/100,407,358,138,119,306,0.42
2000011,熊,Animal,0,54,8.0,2048/2048,513/513,99/100,407,362,134,125,314,0.43
2000011,熊,Animal,0,55,8.0,2045/2046,473/473,99/100,431,366,128,118,314,0.44
2000011,熊,Animal,0,58,8.0,2226/2226,540/540,99/100,457,402,153,118,325,0.39
2000011,熊,Animal,0,46,8.0,1661/1661,387/387,99/100,357,292,110,127,287,0.47
2000009,狼,Animal,0,25,4.0,580/580,263/263,99/100,151,123,106,122,165,0.48
2000009,狼,Animal,0,24,4.0,563/563,239/239,99/100,155,125,107,120,164,0.48
2000009,狼,Animal,0,22,4.0,510/510,220/220,99/100,133,104,97,122,162,0.51
2000009,狼,Animal,0,33,4.0,745/745,352/352,99/100,197,152,129,121,174,0.43
2000009,狼,Animal,0,30,4.0,654/654,306/306,99/100,182,130,124,121,169,0.45
2000009,狼,Animal,0,29,4.0,637/637,304/304,99/100,163,126,120,122,169,0.45
2000009,狼,Animal,0,33,4.0,726/726,328/328,99/100,195,144,121,120,174,0.45
2000009,狼,Animal,0,35,4.0,747/747,361/361,99/100,189,163,134,123,173,0.43
2000009,狼,Animal,0,20,4.0,478/478,230/230,99/100,129,103,95,125,158,0.51
2000009,狼,Animal,0,31,4.0,664/666,301/301,99/100,170,136,114,121,170,0.47
2000009,狼,Animal,0,35,4.0,728/728,351/351,99/100,187,144,133,122,174,0.43
2000009,狼,Animal,0,29,4.0,601/601,282/282,99/100,161,124,112,122,166,0.47
2000009,狼,Animal,0,29,4.0,609/609,261/261,99/100,175,130,109,119,166,0.48
2000009,狼,Animal,0,25,4.0,557/557,254/254,99/100,159,123,110,122,162,0.48
2000009,狼,Animal,0,20,4.0,478/478,198/198,99/100,131,102,89,121,160,0.53
2000009,狼,Animal,0,29,4.0,632/632,282/282,99/100,177,136,114,120,167,0.47
2000009,狼,Animal,0,35,4.0,759/759,329/329,99/100,189,156,138,118,177,0.42
2000009,狼,Animal,0,21,4.0,486/486,203/203,99/100,129,101,97,121,161,0.51
2000009,狼,Animal,0,32,4.0,726/727,329/329,99/100,183,154,130,120,174,0.43
2000009,狼,Animal,0,29,4.0,671/671,305/305,99/100,174,143,122,121,170,0.45
2000012,豹,Animal,0,54,5.0,1445/1445,491/491,99/100,380,263,242,102,233,0.29
2000012,豹,Animal,0,57,5.0,1521/1521,515/515,99/100,389,295,246,103,237,0.29
2000012,豹,Animal,0,50,5.0,1371/1371,494/494,99/100,374,259,230,108,225,0.30
2000012,豹,Animal,0,51,5.0,1352/1352,465/465,99/100,353,259,231,106,226,0.30
2000012,豹,Animal,0,49,5.0,1333/1335,476/476,99/100,351,253,225,109,224,0.31
2000012,豹,Animal,0,52,5.0,1411/1412,472/472,99/100,367,245,234,102,233,0.30
2000012,豹,Animal,0,46,5.0,1318/1318,483/483,99/100,350,244,215,110,223,0.32
2000012,豹,Animal,0,49,5.0,1309/1310,446/446,99/100,356,242,212,106,223,0.32
2000012,豹,Animal,0,47,5.0,1244/1245,464/464,99/100,328,242,204,114,217,0.33
2000012,豹,Animal,0,59,5.0,1553/1553,533/533,99/100,397,268,238,101,242,0.30
2000012,豹,Animal,0,59,5.0,1602/1602,578/578,99/100,433,309,264,103,238,0.27
2000012,豹,Animal,0,47,5.0,1250/1251,421/421,99/100,327,240,198,109,220,0.33
2000012,豹,Animal,0,56,5.0,1456/1462,543/543,99/100,381,280,236,109,230,0.30
2000012,豹,Animal,0,57,5.0,1602/1602,585/585,99/100,421,292,257,104,241,0.28
2000012,豹,Animal,0,46,5.0,1291/1291,441/441,99/100,348,242,215,107,222,0.32
2000002,羊,Animal,0,9,2.0,147/147,115/115,99/100,41,56,36,113,117,0.73
2000002,羊,Animal,0,5,2.0,113/113,77/77,99/100,35,48,32,112,116,0.75
2000002,羊,Animal,0,9,2.0,152/152,121/121,99/100,44,57,39,113,117,0.71
2000002,羊,Animal,0,8,2.0,146/146,100/100,99/100,38,54,37,112,118,0.73
2000002,羊,Animal,0,9,2.0,162/162,110/110,99/100,40,62,38,112,119,0.72
2000002,羊,Animal,0,5,2.0,117/117,86/86,99/100,37,49,32,112,116,0.76
2000002,羊,Animal,0,5,2.0,122/122,91/91,99/100,36,50,34,112,116,0.74
2000002,羊,Animal,0,5,2.0,115/115,78/78,99/100,35,48,33,111,116,0.75
2000002,羊,Animal,0,7,2.0,138/138,95/95,99/100,38,53,36,112,117,0.74
2000002,羊,Animal,0,6,2.0,123/123,95/95,99/100,35,50,34,113,116,0.74
2000002,羊,Animal,0,9,2.0,154/154,116/116,99/100,41,57,36,113,118,0.73
2000002,羊,Animal,0,7,2.0,129/129,98/98,99/100,38,51,36,112,117,0.73
2000002,羊,Animal,0,9,2.0,145/145,109/109,99/100,39,56,35,113,117,0.74
2000002,羊,Animal,0,8,2.0,150/150,99/99,99/100,40,57,38,111,118,0.72
2000002,羊,Animal,0,9,2.0,152/154,113/113,99/100,42,57,38,112,118,0.72
2000002,羊,Animal,0,9,2.0,162/162,104/104,99/100,41,60,37,112,119,0.73
2000002,羊,Animal,0,5,2.0,113/113,89/89,99/100,36,48,33,113,115,0.75
2000002,羊,Animal,0,7,2.0,132/132,98/98,99/100,37,53,35,112,117,0.74
2000002,羊,Animal,0,6,2.0,117/117,89/89,99/100,36,48,32,112,116,0.75
2000002,羊,Animal,0,6,2.0,132/132,90/90,99/100,36,53,35,112,117,0.74
2000002,羊,Animal,0,9,2.0,163/163,114/114,99/100,41,60,37,112,119,0.73
2000002,羊,Animal,0,5,2.0,111/111,81/81,99/100,34,49,33,112,115,0.75
2000002,羊,Animal,0,6,2.0,127/127,89/89,99/100,37,51,35,112,116,0.74
2000002,羊,Animal,0,8,2.0,150/150,98/98,99/100,41,56,36,111,118,0.73
2000002,羊,Animal,0,8,2.0,145/145,102/102,99/100,41,54,38,112,118,0.72
2000002,羊,Animal,0,6,2.0,127/127,86/86,99/100,39,50,34,111,117,0.74
2000002,羊,Animal,0,8,2.0,145/145,98/98,99/100,39,57,37,112,118,0.73
2000002,羊,Animal,0,9,2.0,169/169,124/124,99/100,45,63,39,113,119,0.72
2000002,羊,Animal,0,6,2.0,127/127,90/90,99/100,39,50,35,112,116,0.74
2000002,羊,Animal,0,9,2.0,150/150,114/114,99/100,44,57,38,113,117,0.72
2000002,羊,Animal,0,7,2.0,140/140,100/100,99/100,37,54,36,112,118,0.73
2000002,羊,Animal,0,8,2.0,146/146,110/110,99/100,41,59,38,113,117,0.72
2000002,羊,Animal,0,9,2.0,156/156,115/115,99/100,43,57,39,112,118,0.72
2000002,羊,Animal,0,6,2.0,127/127,85/85,99/100,39,51,33,111,117,0.75
2000002,羊,Animal,0,6,2.0,131/131,93/93,99/100,38,53,33,112,117,0.75
2000002,羊,Animal,0,5,2.0,118/118,85/85,99/100,36,47,32,112,116,0.75
2000002,羊,Animal,0,9,2.0,162/162,105/105,99/100,44,59,37,111,119,0.73
2000002,羊,Animal,0,9,2.0,157/157,123/123,99/100,43,62,40,113,117,0.71
2000002,羊,Animal,0,6,2.0,128/128,95/95,99/100,37,50,33,112,117,0.75
2000002,羊,Animal,0,8,2.0,154/154,114/114,99/100,41,59,36,113,118,0.73
2000002,羊,Animal,0,5,2.0,117/117,83/83,99/100,34,47,32,112,116,0.75
2000002,羊,Animal,0,9,2.0,163/163,115/115,99/100,41,59,38,112,119,0.72
2000002,羊,Animal,0,6,2.0,117/117,92/92,99/100,35,48,32,113,116,0.75
2000002,羊,Animal,0,5,2.0,109/109,81/81,99/100,37,48,32,112,115,0.76
2000002,羊,Animal,0,7,2.0,140/140,94/94,99/100,40,56,37,111,117,0.73
2000002,羊,Animal,0,8,2.0,140/140,96/96,99/100,42,54,36,111,118,0.73
2000002,羊,Animal,0,9,2.0,157/157,120/120,99/100,41,60,38,113,118,0.72
2000002,羊,Animal,0,8,2.0,140/140,106/106,99/100,41,57,35,113,117,0.74
2000002,羊,Animal,0,5,2.0,113/113,75/75,99/100,34,46,31,111,116,0.76
2000002,羊,Animal,0,9,2.0,158/158,101/101,99/100,41,56,36,111,119,0.73
2000002,羊,Animal,0,9,2.0,163/163,105/105,99/100,43,59,38,111,119,0.72
2000002,羊,Animal,0,8,2.0,140/140,98/98,99/100,38,53,35,112,118,0.74
2000002,羊,Animal,0,7,2.0,129/129,91/91,99/100,39,51,36,111,117,0.73
2000002,羊,Animal,0,7,2.0,146/146,103/103,99/100,41,55,37,112,118,0.73
2000002,羊,Animal,0,9,2.0,158/158,105/105,99/100,42,58,38,111,119,0.72
2000002,羊,Animal,0,8,2.0,146/146,106/106,99/100,42,54,35,112,118,0.74
2000002,羊,Animal,0,8,2.0,147/147,97/97,99/100,39,58,35,112,118,0.74
2000002,羊,Animal,0,8,2.0,154/154,105/105,99/100,43,58,37,112,118,0.73
2000002,羊,Animal,0,6,2.0,123/123,84/84,99/100,38,49,35,111,117,0.74
2000002,羊,Animal,0,8,2.0,151/151,107/107,99/100,42,56,35,112,118,0.74
2000002,羊,Animal,0,9,2.0,158/158,110/110,99/100,43,57,39,112,119,0.72
2000002,羊,Animal,0,8,2.0,140/140,101/101,99/100,38,58,36,113,117,0.73
2000002,羊,Animal,0,8,2.0,139/139,96/96,99/100,39,58,35,112,117,0.74
2000002,羊,Animal,0,8,2.0,147/147,101/101,99/100,39,57,35,112,118,0.74
2000002,羊,Animal,0,7,2.0,132/132,94/94,99/100,39,51,35,112,117,0.74
2000002,羊,Animal,0,7,2.0,138/138,96/96,99/100,37,55,36,112,117,0.73
2000002,羊,Animal,0,5,2.0,115/115,88/88,99/100,35,47,33,112,116,0.75
2000002,羊,Animal,0,5,2.0,110/110,79/79,99/100,35,47,31,112,116,0.76
2000002,羊,Animal,0,7,2.0,145/145,94/94,99/100,41,56,36,111,118,0.73
2000002,羊,Animal,0,8,2.0,147/147,113/113,99/100,43,56,37,113,117,0.73
2000002,羊,Animal,0,5,2.0,116/116,88/88,99/100,36,48,32,112,116,0.76
2000002,羊,Animal,0,8,2.0,147/147,108/108,99/100,42,59,35,113,117,0.74
2000002,羊,Animal,0,8,2.0,150/150,99/99,99/100,40,57,38,111,118,0.72
2000002,羊,Animal,0,8,2.0,138/138,109/109,99/100,39,54,36,113,117,0.73
2000002,羊,Animal,0,8,2.0,145/145,98/98,99/100,39,57,37,112,118,0.73
2000002,羊,Animal,0,7,2.0,132/132,94/94,99/100,38,51,36,112,117,0.73
2000002,羊,Animal,0,9,2.0,150/150,108/108,99/100,41,61,36,113,117,0.73
2000002,羊,Animal,0,6,2.0,128/128,97/97,99/100,37,53,34,113,116,0.75
2000002,羊,Animal,0,7,2.0,144/144,94/94,99/100,41,54,36,111,118,0.73
2000002,羊,Animal,0,5,2.0,109/109,87/87,99/100,37,46,31,112,115,0.76
2000002,羊,Animal,0,8,2.0,147/147,104/104,99/100,39,54,35,112,118,0.74
2000002,羊,Animal,0,7,2.0,132/132,100/100,99/100,39,55,35,113,116,0.74
2000002,羊,Animal,0,9,2.0,158/158,104/104,99/100,41,60,37,112,119,0.73
2000002,羊,Animal,0,8,2.0,146/146,110/110,99/100,39,54,36,113,118,0.73
2000002,羊,Animal,0,6,2.0,121/121,88/88,99/100,35,52,34,112,116,0.74
2000002,羊,Animal,0,5,2.0,116/116,77/77,99/100,35,46,34,111,116,0.75
2000002,羊,Animal,0,5,2.0,113/113,82/82,99/100,35,46,31,112,116,0.76
2000002,羊,Animal,0,5,2.0,120/120,84/84,99/100,37,49,34,112,116,0.74
2000002,羊,Animal,0,8,2.0,140/140,95/95,99/100,39,55,34,112,117,0.74
2000002,羊,Animal,0,8,2.0,149/149,108/108,99/100,41,57,36,112,118,0.73
2000002,羊,Animal,0,6,2.0,121/121,94/94,99/100,35,51,32,113,116,0.75
2000002,羊,Animal,0,8,2.0,149/149,112/112,99/100,40,59,35,113,117,0.74
2000002,羊,Animal,0,6,2.0,123/123,82/82,99/100,35,48,34,111,117,0.74
2000002,羊,Animal,0,9,2.0,149/149,102/102,99/100,43,58,36,112,117,0.73
2000002,羊,Animal,0,9,2.0,156/156,115/115,99/100,43,59,38,113,118,0.72
2000002,羊,Animal,0,6,2.0,123/123,91/91,99/100,38,51,33,112,116,0.75
2000002,羊,Animal,0,8,2.0,157/157,115/115,99/100,42,58,38,113,118,0.72
2000002,羊,Animal,0,6,2.0,127/127,82/82,99/100,35,48,33,111,117,0.75
2000002,羊,Animal,0,5,2.0,111/111,78/78,99/100,36,49,32,112,115,0.75
2000002,羊,Animal,0,9,2.0,163/163,108/108,99/100,44,62,38,112,119,0.72
2000002,羊,Animal,0,9,2.0,163/163,120/120,99/100,43,59,37,113,119,0.73
2000002,羊,Animal,0,9,2.0,149/150,105/105,99/100,40,56,36,112,118,0.74
2000002,羊,Animal,0,5,2.0,118/118,85/85,99/100,37,47,32,112,116,0.76
2000002,羊,Animal,0,8,2.0,150/150,113/113,99/100,41,56,37,113,118,0.73
2000002,羊,Animal,0,6,2.0,135/135,96/96,99/100,39,52,36,112,117,0.73
2000002,羊,Animal,0,8,2.0,149/149,98/98,99/100,41,54,38,111,118,0.72
2000002,羊,Animal,0,6,2.0,127/127,95/95,99/100,38,50,33,112,116,0.75
2000002,羊,Animal,0,6,2.0,127/127,87/87,99/100,35,51,32,112,117,0.75
2000002,羊,Animal,0,7,2.0,146/146,103/103,99/100,41,55,37,112,118,0.73
2000002,羊,Animal,0,6,2.0,127/127,83/83,99/100,35,50,34,111,117,0.74
2000002,羊,Animal,0,9,2.0,151/151,111/111,99/100,39,60,36,113,118,0.73
2000002,羊,Animal,0,5,2.0,109/109,80/80,99/100,35,49,31,112,115,0.76
2000002,羊,Animal,0,6,2.0,120/120,95/95,99/100,37,48,33,113,116,0.75
2000002,羊,Animal,0,7,2.0,140/140,100/100,99/100,37,55,35,112,117,0.74
2000002,羊,Animal,0,5,2.0,115/115,80/80,99/100,37,49,34,112,116,0.74
2000002,羊,Animal,0,7,2.0,132/132,103/103,99/100,38,51,35,113,117,0.74
2000002,羊,Animal,0,7,2.0,144/144,105/105,99/100,37,56,36,113,117,0.73
2000002,羊,Animal,0,7,2.0,140/140,99/99,99/100,37,53,36,112,118,0.74
2000002,羊,Animal,0,9,2.0,152/152,121/121,99/100,43,60,38,113,117,0.72
2000002,羊,Animal,0,5,2.0,117/117,87/87,99/100,34,48,31,112,116,0.76
2000002,羊,Animal,0,9,2.0,149/149,102/102,99/100,42,60,36,112,117,0.73
2000002,羊,Animal,0,6,2.0,123/123,89/89,99/100,39,49,35,112,116,0.74
2000002,羊,Animal,0,9,2.0,158/158,102/102,99/100,39,56,38,111,119,0.72
2000002,羊,Animal,0,8,2.0,151/151,111/111,99/100,38,59,35,113,118,0.74
2000002,羊,Animal,0,6,2.0,129/129,88/88,99/100,37,52,33,112,117,0.75
2000002,羊,Animal,0,6,2.0,120/120,83/83,99/100,36,50,34,112,116,0.74
2000002,羊,Animal,0,8,2.0,138/138,94/94,99/100,38,53,36,112,117,0.73
2000002,羊,Animal,0,5,2.0,120/120,89/89,99/100,34,47,34,112,116,0.74
2000002,羊,Animal,0,6,2.0,127/127,82/82,99/100,36,48,32,111,117,0.75
2000002,羊,Animal,0,8,2.0,151/151,110/110,99/100,41,58,38,112,118,0.72
2000002,羊,Animal,0,5,2.0,113/113,90/90,99/100,37,48,33,112,115,0.75
2000002,羊,Animal,0,9,2.0,158/158,114/114,99/100,43,57,38,112,118,0.72
2000002,羊,Animal,0,6,2.0,121/121,87/87,99/100,36,51,32,112,116,0.75
2000002,羊,Animal,0,6,2.0,132/132,95/95,99/100,39,52,35,112,117,0.74
2000002,羊,Animal,0,9,2.0,152/152,105/105,99/100,40,62,39,112,118,0.72
2000002,羊,Animal,0,5,2.0,120/120,89/89,99/100,35,49,32,112,116,0.76
2000002,羊,Animal,0,6,2.0,129/129,88/88,99/100,37,49,35,111,117,0.74
2000002,羊,Animal,0,7,2.0,136/136,97/97,99/100,41,56,35,112,117,0.74
2000002,羊,Animal,0,5,2.0,117/117,88/88,99/100,34,48,33,112,116,0.75
2000002,羊,Animal,0,9,2.0,151/151,111/111,99/100,41,56,37,113,118,0.73
2000002,羊,Animal,0,8,2.0,150/150,99/99,99/100,38,59,38,112,118,0.72
2000002,羊,Animal,0,6,2.0,131/131,86/86,99/100,39,52,33,111,117,0.75
2000002,羊,Animal,0,7,2.0,138/138,94/94,99/100,39,51,34,112,118,0.75
2000002,羊,Animal,0,5,2.0,118/118,78/78,99/100,34,47,34,111,117,0.74
2000002,羊,Animal,0,6,2.0,123/123,84/84,99/100,35,50,35,111,117,0.74
2000002,羊,Animal,0,6,2.0,127/127,86/86,99/100,35,49,32,112,117,0.75
2000002,羊,Animal,0,7,2.0,129/129,93/93,99/100,37,51,36,112,117,0.73
2000002,羊,Animal,0,6,2.0,132/132,88/88,99/100,39,52,35,111,117,0.74
2000002,羊,Animal,0,7,2.0,131/131,88/88,99/100,36,52,34,112,117,0.74
2000002,羊,Animal,0,8,2.0,150/150,103/103,99/100,38,59,37,112,118,0.73
2000002,羊,Animal,0,7,2.0,144/144,93/93,99/100,40,53,37,111,118,0.73
2000002,羊,Animal,0,9,2.0,154/154,104/104,99/100,42,60,37,112,118,0.73
2000002,羊,Animal,0,9,2.0,152/152,105/105,99/100,40,62,39,112,118,0.72
2000002,羊,Animal,0,8,2.0,138/138,108/108,99/100,38,55,34,113,117,0.74
2000002,羊,Animal,0,7,2.0,131/131,95/95,99/100,38,55,35,112,116,0.74
2000002,羊,Animal,0,6,2.0,120/120,88/88,99/100,36,51,34,112,116,0.74
2000002,羊,Animal,0,6,2.0,132/132,98/98,99/100,39,49,35,112,117,0.74
2000009,狼,Animal,0,30,4.0,625/625,296/296,99/100,180,128,112,122,166,0.47
2000009,狼,Animal,0,20,4.0,455/455,223/223,99/100,128,98,89,125,157,0.53
2000009,狼,Animal,0,34,4.0,738/738,321/321,99/100,189,159,127,119,174,0.44
2000009,狼,Animal,0,30,4.0,681/681,308/308,99/100,178,146,117,121,170,0.46
2000009,狼,Animal,0,33,4.0,692/692,322/322,99/100,188,138,123,120,171,0.45
2000009,狼,Animal,0,24,4.0,535/535,234/234,99/100,148,110,97,121,163,0.51
2000009,狼,Animal,0,24,4.0,529/529,223/223,99/100,144,118,97,121,162,0.51
2000009,狼,Animal,0,29,4.0,624/624,302/302,99/100,167,131,113,123,166,0.47
2000009,狼,Animal,0,32,4.0,703/703,314/314,99/100,175,135,125,120,174,0.44
2000009,狼,Animal,0,20,4.0,489/489,238/238,99/100,137,112,96,125,158,0.51
2000009,狼,Animal,0,25,4.0,582/582,266/266,99/100,159,120,106,122,165,0.48
2000009,狼,Animal,0,31,4.0,667/667,280/280,99/100,176,137,126,118,171,0.44
2000009,狼,Animal,0,27,4.0,596/596,267/267,99/100,167,125,112,121,165,0.47
2000009,狼,Animal,0,27,4.0,608/608,279/279,99/100,163,121,115,121,167,0.46
2000009,狼,Animal,0,34,4.0,704/705,301/301,99/100,193,141,134,117,173,0.43
2000009,狼,Animal,0,24,4.0,544/544,260/260,99/100,146,119,97,125,162,0.51
2000009,狼,Animal,0,20,4.0,461/461,201/201,99/100,135,109,90,123,156,0.53
2000009,狼,Animal,0,26,4.0,593/593,243/243,99/100,150,130,105,120,167,0.49
2000009,狼,Animal,0,21,4.0,510/510,232/232,99/100,131,114,98,124,161,0.50
2000009,狼,Animal,0,35,4.0,752/752,329/329,99/100,204,151,130,118,175,0.43
2000003,鹿,Animal,0,19,3.0,271/271,181/181,99/100,67,83,66,122,135,0.60
2000003,鹿,Animal,0,8,3.0,146/146,92/92,99/100,44,55,44,121,128,0.69
2000003,鹿,Animal,0,11,3.0,185/185,134/134,99/100,54,65,53,123,129,0.65
2000003,鹿,Animal,0,10,3.0,180/180,117/117,99/100,47,61,49,122,130,0.67
2000003,鹿,Animal,0,5,3.0,118/118,85/85,99/100,39,46,40,122,126,0.71
2000003,鹿,Animal,0,7,3.0,144/144,104/104,99/100,46,55,45,122,127,0.69
2000003,鹿,Animal,0,5,3.0,123/123,82/82,99/100,41,45,40,121,127,0.71
2000003,鹿,Animal,0,9,3.0,172/172,114/114,99/100,49,61,49,122,129,0.67
2000003,鹿,Animal,0,17,3.0,256/256,151/151,99/100,58,77,66,120,136,0.60
2000003,鹿,Animal,0,11,3.0,188/188,116/116,99/100,54,64,53,121,130,0.65
2000003,鹿,Animal,0,12,3.0,204/204,140/140,99/100,54,63,56,122,131,0.64
2000003,鹿,Animal,0,5,3.0,128/128,81/81,99/100,40,48,42,121,127,0.70
2000003,鹿,Animal,0,13,3.0,207/207,139/139,99/100,52,69,57,122,131,0.64
2000003,鹿,Animal,0,17,3.0,259/259,178/178,99/100,64,75,67,122,135,0.60
2000003,鹿,Animal,0,11,3.0,196/196,117/117,99/100,51,67,54,121,131,0.65
2000003,鹿,Animal,0,8,3.0,154/154,112/112,99/100,48,57,48,122,127,0.67
2000003,鹿,Animal,0,7,3.0,138/138,87/87,99/100,43,53,44,121,127,0.69
2000003,鹿,Animal,0,15,3.0,237/237,163/163,99/100,60,70,63,122,133,0.61
2000003,鹿,Animal,0,8,3.0,150/150,102/102,99/100,46,53,46,122,128,0.68
2000003,鹿,Animal,0,10,3.0,172/172,114/114,99/100,48,63,51,122,129,0.66
2000003,鹿,Animal,0,6,3.0,132/132,90/90,99/100,41,52,42,122,127,0.70
2000003,鹿,Animal,0,7,3.0,144/144,96/96,99/100,42,52,45,122,128,0.69
2000003,鹿,Animal,0,6,3.0,132/132,86/86,99/100,44,49,41,121,127,0.71
2000003,鹿,Animal,0,10,3.0,190/190,123/123,99/100,53,62,53,121,130,0.65
2000003,鹿,Animal,0,8,3.0,162/162,99/99,99/100,45,53,48,121,129,0.67
2000003,鹿,Animal,0,20,3.0,310/310,198/198,99/100,74,94,72,122,137,0.58
2000003,鹿,Animal,0,19,3.0,290/290,167/167,99/100,62,89,69,121,137,0.59
2000003,鹿,Animal,0,5,3.0,116/116,74/74,99/100,38,47,40,121,126,0.71
2000003,鹿,Animal,0,7,3.0,140/140,96/96,99/100,43,52,45,122,128,0.69
2000003,鹿,Animal,0,20,3.0,295/295,198/198,99/100,69,86,66,123,137,0.60
2000002,羊,Animal,0,15,2.0,226/226,150/150,99/100,50,73,46,112,123,0.68
2000002,羊,Animal,0,6,2.0,131/131,89/89,99/100,36,52,34,112,117,0.74
2000002,羊,Animal,0,13,2.0,192/192,149/149,99/100,49,68,42,114,120,0.70
2000002,羊,Animal,0,9,2.0,167/167,118/118,99/100,45,62,37,112,119,0.72
2000002,羊,Animal,0,14,2.0,207/207,159/159,99/100,51,71,46,114,121,0.68
2000002,羊,Animal,0,3,2.0,93/93,67/67,99/100,33,41,29,112,114,0.77
2000002,羊,Animal,0,13,2.0,214/214,156/156,99/100,50,73,45,113,121,0.69
2000002,羊,Animal,0,2,2.0,86/86,59/59,99/100,31,39,30,111,115,0.77
2000002,羊,Animal,0,10,2.0,170/170,115/115,99/100,45,60,37,112,119,0.73
2000002,羊,Animal,0,4,2.0,104/104,71/71,99/100,34,45,30,111,115,0.76
2000002,羊,Animal,0,11,2.0,172/172,121/121,99/100,44,62,40,112,119,0.71
2000002,羊,Animal,0,10,2.0,164/164,110/110,99/100,41,61,40,112,119,0.71
2000002,羊,Animal,0,4,2.0,109/109,82/82,99/100,33,46,33,112,115,0.75
2000002,羊,Animal,0,13,2.0,203/203,149/149,99/100,49,68,40,113,121,0.71
2000002,羊,Animal,0,11,2.0,188/188,127/127,99/100,48,67,41,112,120,0.71
2000002,羊,Animal,0,2,2.0,85/85,67/67,99/100,32,40,29,112,114,0.77
2000002,羊,Animal,0,15,2.0,231/231,160/160,99/100,55,76,44,113,122,0.69
2000002,羊,Animal,0,4,2.0,105/105,78/78,99/100,32,43,30,112,116,0.76
2000002,羊,Animal,0,11,2.0,174/174,122/122,99/100,44,68,38,113,119,0.72
2000002,羊,Animal,0,6,2.0,129/129,94/94,99/100,38,53,35,112,116,0.74
2000002,羊,Animal,0,9,2.0,162/162,112/112,99/100,44,60,38,112,118,0.72
2000002,羊,Animal,0,3,2.0,93/93,65/65,99/100,33,42,30,111,114,0.76
2000002,羊,Animal,0,15,2.0,232/233,161/161,99/100,49,78,48,113,123,0.67
2000002,羊,Animal,0,12,2.0,196/196,138/138,99/100,49,66,42,112,121,0.70
2000002,羊,Animal,0,5,2.0,117/117,83/83,99/100,34,47,32,112,116,0.75
2000002,羊,Animal,0,15,2.0,205/205,146/146,99/100,47,75,44,113,121,0.69
2000002,羊,Animal,0,10,2.0,170/170,125/125,99/100,41,61,37,113,119,0.73
2000002,羊,Animal,0,8,2.0,140/140,97/97,99/100,38,58,37,112,117,0.73
2000002,羊,Animal,0,2,2.0,83/83,60/60,99/100,31,38,30,111,114,0.77
2000002,羊,Animal,0,4,2.0,105/105,78/78,99/100,34,45,32,112,115,0.76
2000009,狼,Animal,0,25,4.0,573/575,274/274,99/100,147,128,106,125,164,0.48
2000009,狼,Animal,0,31,4.0,683/683,306/306,99/100,171,132,122,120,173,0.45
2000009,狼,Animal,0,29,4.0,609/609,261/261,99/100,175,130,109,119,166,0.48
2000009,狼,Animal,0,23,4.0,533/533,245/245,99/100,145,108,103,123,162,0.49
2000009,狼,Animal,0,26,4.0,573/573,243/243,99/100,158,130,102,121,164,0.49
2000009,狼,Animal,0,32,4.0,704/704,308/308,99/100,186,141,129,118,173,0.43
2000009,狼,Animal,0,30,4.0,667/667,300/300,99/100,172,134,116,121,171,0.46
2000009,狼,Animal,0,35,4.0,774/774,317/317,99/100,199,151,138,115,179,0.42
2000009,狼,Animal,0,32,4.0,690/690,320/320,99/100,181,141,129,121,171,0.44
2000009,狼,Animal,0,29,4.0,620/620,260/260,99/100,162,134,112,120,168,0.47
2000009,狼,Animal,0,24,4.0,525/525,227/227,99/100,149,114,103,121,161,0.49
2000009,狼,Animal,0,27,4.0,592/593,250/250,99/100,158,129,111,120,166,0.47
2000009,狼,Animal,0,32,4.0,687/687,291/291,99/100,190,151,118,118,170,0.46
2000009,狼,Animal,0,20,4.0,487/487,231/231,99/100,127,110,92,125,159,0.52
2000009,狼,Animal,0,32,4.0,707/709,303/303,99/100,180,146,121,119,174,0.45
2000009,狼,Animal,0,24,4.0,563/564,245/245,99/100,150,116,106,121,165,0.48
2000009,狼,Animal,0,34,4.0,688/688,322/322,99/100,186,139,121,121,171,0.45
2000009,狼,Animal,0,33,4.0,690/690,341/341,99/100,195,144,124,123,169,0.45
2000009,狼,Animal,0,35,4.0,722/722,356/356,99/100,203,144,129,122,171,0.44
2000009,狼,Animal,0,30,4.0,648/648,287/287,99/100,176,139,116,120,168,0.46
2000005,狐狸,Animal,0,18,3.0,248/248,160/160,99/100,71,71,75,121,132,0.57
2000005,狐狸,Animal,0,19,3.0,256/256,147/147,99/100,69,73,79,119,134,0.56
2000005,狐狸,Animal,0,24,3.0,271/271,169/169,99/100,82,75,90,119,134,0.52
2000005,狐狸,Animal,0,19,3.0,256/256,170/170,99/100,73,70,84,120,133,0.54
2000005,狐狸,Animal,0,16,3.0,233/235,159/159,99/100,67,68,74,121,131,0.57
2000005,狐狸,Animal,0,17,3.0,232/232,136/136,99/100,68,69,74,119,132,0.57
2000005,狐狸,Animal,0,19,3.0,260/260,159/159,99/100,70,73,81,120,134,0.55
2000005,狐狸,Animal,0,22,3.0,271/271,180/180,99/100,83,80,92,120,132,0.52
2000005,狐狸,Animal,0,16,3.0,220/220,139/139,99/100,71,64,70,120,131,0.59
2000005,狐狸,Animal,0,22,3.0,273/273,177/177,99/100,79,76,91,120,134,0.52
2000005,狐狸,Animal,0,19,3.0,262/262,178/178,99/100,73,77,77,122,132,0.56
2000005,狐狸,Animal,0,20,3.0,255/255,188/188,99/100,79,76,87,122,131,0.53
2000005,狐狸,Animal,0,24,3.0,280/280,207/207,99/100,83,76,94,122,133,0.52
2000005,狐狸,Animal,0,22,3.0,271/271,180/180,99/100,83,84,89,121,132,0.53
2000005,狐狸,Animal,0,15,3.0,201/201,131/131,99/100,66,59,69,120,130,0.59
2000005,狐狸,Animal,0,22,3.0,279/279,162/162,99/100,78,79,84,119,134,0.54
2000005,狐狸,Animal,0,24,3.0,298/298,202/202,99/100,80,89,94,122,134,0.51
2000005,狐狸,Animal,0,23,3.0,296/296,190/190,99/100,78,74,91,120,136,0.52
2000005,狐狸,Animal,0,21,3.0,262/264,160/160,99/100,80,77,84,119,133,0.54
2000005,狐狸,Animal,0,20,3.0,247/247,174/174,99/100,81,76,79,121,130,0.56
2010020,店主,Lemurian,0,100,40.0,304/304,1324/1324,99/100,60,77,52,32,32,0.66
2010020,店主,Lemurian,0,100,40.0,298/298,1234/1234,99/100,61,71,51,30,32,0.66
2010020,店主,Lemurian,0,100,40.0,318/318,1240/1240,99/100,67,69,48,29,34,0.67
2010010,商人,Lemurian,0,100,40.0,276/276,1274/1274,99/100,53,65,52,32,31,0.65
2010021,警察头领,Lemurian,0,100,60.0,7/7,1312/1312,99/100,0,0,0,0,0,1.00
2010012,警察,Lemurian,0,100,50.0,48/48,1186/1186,99/100,12,12,6,2,4,0.93
2010012,警察,Lemurian,0,100,50.0,47/47,1140/1140,99/100,11,11,6,2,4,0.94
2010012,警察,Lemurian,0,100,50.0,48/48,1290/1290,99/100,12,12,6,3,4,0.94
2010012,警察,Lemurian,0,100,50.0,50/50,1309/1309,99/100,12,11,7,3,4,0.93
2010012,警察,Lemurian,0,100,50.0,48/48,1309/1309,99/100,12,11,7,3,4,0.93
2010020,店主,Lemurian,0,100,40.0,301/301,1242/1242,99/100,62,77,50,30,32,0.67
2010001,矿工,Lemurian,0,100,40.0,317/317,1260/1260,99/100,70,80,45,30,33,0.69
2010000,农夫,Lemurian,0,100,35.0,683/683,1296/1296,99/100,137,170,114,67,72,0.47
2010002,店主,Lemurian,0,100,35.0,788/788,1165/1165,99/100,196,183,127,53,80,0.44
2100002,阿玛图,Atlantean,0,100,40.0,478/479,1430/1430,99/100,121,112,58,23,41,0.63
2000002,羊,Animal,0,9,2.0,166/167,112/112,99/100,40,62,40,112,119,0.71
2000002,羊,Animal,0,6,2.0,131/131,85/85,99/100,36,51,35,111,117,0.74
2000002,羊,Animal,0,5,2.0,115/115,79/79,99/100,35,46,32,112,116,0.75
2000002,羊,Animal,0,5,2.0,115/115,80/80,99/100,36,47,31,112,116,0.76
2000002,羊,Animal,0,9,2.0,149/149,112/112,99/100,42,57,37,113,117,0.73
2000002,羊,Animal,0,6,2.0,123/123,84/84,99/100,36,52,33,112,116,0.75
2000002,羊,Animal,0,8,2.0,147/147,111/111,99/100,40,57,35,113,117,0.74
2010020,店主,Lemurian,0,100,40.0,310/310,1372/1372,99/100,67,72,50,32,32,0.66
2010020,店主,Lemurian,0,100,40.0,304/304,1345/1345,99/100,59,77,46,32,32,0.68
2010010,商人,Lemurian,0,100,40.0,294/294,1347/1347,99/100,54,71,55,32,31,0.64
2010001,矿工,Lemurian,0,100,40.0,322/322,1289/1289,99/100,67,77,45,30,33,0.69
2010000,农夫,Lemurian,0,100,35.0,651/651,1276/1276,99/100,146,151,109,66,70,0.48
2010002,店主,Lemurian,0,100,35.0,835/835,1177/1177,99/100,208,178,124,50,84,0.45
2010021,警察头领,Lemurian,0,100,60.0,8/8,1172/1172,99/100,0,0,0,0,0,1.00
2010012,警察,Lemurian,0,100,50.0,47/47,1241/1241,99/100,12,11,7,3,4,0.93
2010012,警察,Lemurian,0,100,50.0,49/49,1184/1184,99/100,12,11,7,2,4,0.93
2010012,警察,Lemurian,0,100,50.0,47/47,1144/1144,99/100,11,11,6,2,4,0.94
2010012,警察,Lemurian,0,100,50.0,51/51,1280/1280,99/100,12,12,7,3,4,0.93
2010012,警察,Lemurian,0,100,50.0,49/49,1305/1305,99/100,11,12,7,3,4,0.93
2010020,店主,Lemurian,0,100,40.0,314/314,1296/1296,99/100,59,71,46,31,34,0.68
2010020,店主,Lemurian,0,100,40.0,314/314,1296/1296,99/100,59,71,46,31,34,0.68
2100006,鲁尔,Beastman,0,100,40.0,404/404,1632/1632,99/100,94,96,68,30,37,0.59
2000002,羊,Animal,0,7,2.0,127/127,91/91,99/100,36,51,34,112,117,0.74
2000002,羊,Animal,0,6,2.0,127/127,88/88,99/100,39,49,33,112,117,0.75
2000002,羊,Animal,0,5,2.0,118/118,81/81,99/100,35,46,34,111,117,0.74
2000002,羊,Animal,0,6,2.0,127/127,83/83,99/100,37,48,32,111,117,0.75
2000002,羊,Animal,0,6,2.0,123/123,88/88,99/100,39,51,33,112,116,0.75
2000002,羊,Animal,0,6,2.0,123/123,82/82,99/100,37,48,32,111,117,0.75
2000002,羊,Animal,0,5,2.0,109/109,75/75,99/100,34,48,31,112,115,0.76
2000002,羊,Animal,0,6,2.0,122/122,96/96,99/100,36,52,34,113,116,0.74
2000002,羊,Animal,0,5,2.0,113/113,83/83,99/100,34,49,31,112,115,0.76
2000002,羊,Animal,0,6,2.0,123/123,82/82,99/100,35,49,33,111,117,0.75
2000002,羊,Animal,0,9,2.0,162/162,103/103,99/100,41,57,38,111,119,0.72
2000002,羊,Animal,0,8,2.0,152/152,112/112,99/100,39,59,36,113,118,0.73
2000002,羊,Animal,0,6,2.0,129/129,92/92,99/100,38,50,33,112,117,0.75
2000002,羊,Animal,0,7,2.0,131/131,91/91,99/100,38,53,36,112,117,0.73
2000002,羊,Animal,0,8,2.0,152/152,99/99,99/100,42,56,37,111,118,0.73
2000002,羊,Animal,0,5,2.0,117/117,84/84,99/100,37,50,34,112,116,0.74
2000002,羊,Animal,0,9,2.0,157/157,110/110,99/100,43,60,38,112,118,0.72
2000002,羊,Animal,0,6,2.0,120/120,95/95,99/100,35,51,34,113,116,0.74
2000002,羊,Animal,0,5,2.0,116/116,89/89,99/100,36,47,34,112,116,0.74
2000002,羊,Animal,0,7,2.0,138/138,97/97,99/100,41,56,34,112,117,0.74
2000002,羊,Animal,0,6,2.0,127/127,99/99,99/100,38,53,35,113,116,0.74
2000002,羊,Animal,0,5,2.0,111/111,82/82,99/100,37,48,32,112,115,0.75
2000002,羊,Animal,0,8,2.0,154/154,110/110,99/100,43,58,37,112,118,0.73
2000002,羊,Animal,0,7,2.0,127/127,96/96,99/100,36,51,34,112,116,0.74
2000002,羊,Animal,0,9,2.0,151/151,111/111,99/100,39,56,38,113,118,0.72
2000002,羊,Animal,0,8,2.0,150/150,110/110,99/100,38,54,37,113,118,0.73
2000002,羊,Animal,0,5,2.0,109/109,86/86,99/100,36,46,31,112,115,0.76
2000002,羊,Animal,0,8,2.0,144/144,101/101,99/100,39,55,37,112,117,0.73
2000002,羊,Animal,0,6,2.0,120/120,83/83,99/100,36,51,33,112,116,0.75
2000002,羊,Animal,0,8,2.0,140/140,112/112,99/100,42,54,37,113,117,0.73
2000002,羊,Animal,0,5,2.0,109/109,83/83,99/100,35,47,32,112,115,0.75
2000002,羊,Animal,0,8,2.0,150/150,100/100,99/100,42,59,36,112,118,0.73
2000002,羊,Animal,0,9,2.0,154/154,113/113,99/100,41,61,36,113,118,0.73
2000002,羊,Animal,0,7,2.0,129/129,96/96,99/100,36,51,34,112,117,0.74
2000002,羊,Animal,0,7,2.0,144/144,99/99,99/100,41,56,37,112,117,0.73
2000002,羊,Animal,0,7,2.0,129/129,97/97,99/100,39,51,34,112,116,0.74
2000002,羊,Animal,0,5,2.0,118/118,81/81,99/100,34,49,31,112,116,0.76
2000002,羊,Animal,0,9,2.0,150/150,109/109,99/100,42,58,38,112,118,0.72
2000002,羊,Animal,0,9,2.0,158/158,111/111,99/100,44,59,39,112,118,0.71
2000002,羊,Animal,0,8,2.0,150/150,99/99,99/100,40,59,37,112,118,0.73
2000002,羊,Animal,0,8,2.0,147/147,97/97,99/100,42,54,36,111,118,0.73
2000002,羊,Animal,0,5,2.0,111/111,81/81,99/100,35,47,34,112,116,0.74
2000002,羊,Animal,0,8,2.0,140/140,106/106,99/100,39,58,35,113,117,0.74
2000002,羊,Animal,0,8,2.0,152/152,104/104,99/100,43,59,35,112,118,0.74
2000002,羊,Animal,0,6,2.0,129/129,94/94,99/100,37,53,35,112,117,0.74
2000002,羊,Animal,0,8,2.0,147/147,111/111,99/100,41,54,36,113,118,0.73
2000002,羊,Animal,0,8,2.0,140/140,97/97,99/100,42,55,36,112,117,0.73
2000002,羊,Animal,0,9,2.0,158/158,120/120,99/100,44,59,36,113,118,0.73
2000002,羊,Animal,0,5,2.0,115/115,85/85,99/100,36,46,34,112,116,0.74
2000002,羊,Animal,0,7,2.0,129/129,90/90,99/100,39,51,35,112,117,0.74
2000002,羊,Animal,0,8,2.0,140/140,106/106,99/100,38,58,36,113,117,0.73
2000002,羊,Animal,0,7,2.0,138/138,96/96,99/100,39,51,37,112,117,0.73
2000002,羊,Animal,0,7,2.0,138/138,89/89,99/100,37,54,34,111,118,0.75
2000002,羊,Animal,0,6,2.0,123/123,95/95,99/100,36,49,34,112,116,0.74
2000002,羊,Animal,0,8,2.0,140/140,98/98,99/100,41,56,38,112,117,0.72
2000002,羊,Animal,0,6,2.0,118/118,82/82,99/100,35,48,35,111,116,0.74
2000002,羊,Animal,0,9,2.0,157/157,110/110,99/100,43,62,37,112,118,0.73
2000002,羊,Animal,0,5,2.0,118/118,84/84,99/100,34,49,32,112,116,0.76
2000002,羊,Animal,0,8,2.0,140/140,100/100,99/100,39,54,37,112,118,0.73
2000002,羊,Animal,0,9,2.0,154/154,121/121,99/100,41,62,38,113,117,0.72
2000002,羊,Animal,0,6,2.0,123/123,84/84,99/100,36,51,34,112,116,0.74
2000002,羊,Animal,0,9,2.0,156/156,112/112,99/100,39,57,38,112,119,0.72
2000002,羊,Animal,0,8,2.0,140/140,100/100,99/100,41,55,35,112,117,0.74
2000002,羊,Animal,0,5,2.0,118/118,83/83,99/100,37,48,33,112,116,0.75
2000002,羊,Animal,0,5,2.0,110/110,77/77,99/100,35,49,32,112,115,0.75
2000002,羊,Animal,0,5,2.0,120/120,89/89,99/100,35,46,34,112,116,0.74
2000002,羊,Animal,0,8,2.0,149/149,98/98,99/100,38,58,37,112,118,0.73
2000002,羊,Animal,0,7,2.0,144/144,106/106,99/100,41,53,36,112,117,0.73
2000002,羊,Animal,0,7,2.0,132/132,97/97,99/100,39,54,37,112,117,0.73
2000002,羊,Animal,0,8,2.0,138/138,94/94,99/100,38,53,36,112,117,0.73
2000002,羊,Animal,0,6,2.0,123/123,82/82,99/100,35,49,33,111,117,0.75
2000002,羊,Animal,0,9,2.0,149/149,102/102,99/100,39,56,39,112,118,0.72
2000002,羊,Animal,0,5,2.0,118/118,80/80,99/100,37,48,34,111,116,0.74
2000002,羊,Animal,0,9,2.0,151/151,102/102,99/100,41,58,37,112,118,0.73
2000002,羊,Animal,0,8,2.0,151/151,102/102,99/100,40,56,37,112,118,0.73
2000002,羊,Animal,0,9,2.0,158/158,120/120,99/100,43,60,36,113,118,0.73
2000002,羊,Animal,0,7,2.0,132/132,105/105,99/100,39,56,35,113,116,0.74
2000002,羊,Animal,0,9,2.0,164/164,105/105,99/100,41,59,39,111,119,0.72
2000002,羊,Animal,0,7,2.0,131/131,104/104,99/100,39,55,34,113,116,0.74
2000002,羊,Animal,0,9,2.0,154/154,116/116,99/100,44,59,39,113,117,0.71
2000002,羊,Animal,0,9,2.0,164/164,117/117,99/100,44,62,36,112,118,0.73
2000002,羊,Animal,0,8,2.0,150/150,106/106,99/100,41,54,36,112,118,0.73
2000002,羊,Animal,0,6,2.0,123/123,92/92,99/100,39,51,33,112,116,0.75
